Customer_Index,Churn_Probability,Recommendations
0,0.017471986,Customer is currently low risk; continue regular engagement. | Review pricing and perceived value; consider a targeted retention offer.
1,0.8515404,Customer is high risk; prioritize for retention intervention. | Consider offering a suitable longer-term contract incentive. | Consider an early-tenure retention offer or onboarding support. | Consider offering or highlighting an online security service. | Review pricing and perceived value; consider a targeted retention offer.
2,0.054626334,Customer is currently low risk; continue regular engagement. | Consider offering targeted technical support assistance.
3,0.3042508,Customer is currently low risk; continue regular engagement. | Consider offering a suitable longer-term contract incentive. | Consider offering or highlighting an online security service.
4,0.012185871,Customer is currently low risk; continue regular engagement. | Consider offering targeted technical support assistance. | Review pricing and perceived value; consider a targeted retention offer.
5,0.7192455,Customer is high risk; prioritize for retention intervention. | Consider offering a suitable longer-term contract incentive. | Consider offering or highlighting an online security service. | Consider offering targeted technical support assistance. | Review pricing and perceived value; consider a targeted retention offer.
6,0.52011913,Customer is medium risk; consider targeted retention engagement. | Consider offering a suitable longer-term contract incentive. | Consider offering or highlighting an online security service. | Review pricing and perceived value; consider a targeted retention offer.
7,0.100246854,Customer is currently low risk; continue regular engagement. | Consider offering a suitable longer-term contract incentive.
8,0.010631541,Customer is currently low risk; continue regular engagement. | No specific retention action identified by the current rules.
9,0.55258477,Customer is medium risk; consider targeted retention engagement. | Consider offering a suitable longer-term contract incentive. | Consider offering or highlighting an online security service. | Consider offering targeted technical support assistance.
10,0.34909263,Customer is currently low risk; continue regular engagement. | Consider offering a suitable longer-term contract incentive. | Consider offering targeted technical support assistance. | Review pricing and perceived value; consider a targeted retention offer.
11,0.025112508,Customer is currently low risk; continue regular engagement. | Review pricing and perceived value; consider a targeted retention offer.
12,0.20954426,Customer is currently low risk; continue regular engagement. | Consider offering a suitable longer-term contract incentive. | Consider offering or highlighting an online security service. | Consider offering targeted technical support assistance.
13,0.79434717,Customer is high risk; prioritize for retention intervention. | Consider offering a suitable longer-term contract incentive. | Consider an early-tenure retention offer or onboarding support. | Consider offering or highlighting an online security service. | Consider offering targeted technical support assistance. | Review pricing and perceived value; consider a targeted retention offer.
14,0.16188346,Customer is currently low risk; continue regular engagement. | Consider offering a suitable longer-term contract incentive. | Consider offering or highlighting an online security service.
15,0.034853496,Customer is currently low risk; continue regular engagement. | Consider offering or highlighting an online security service. | Consider offering targeted technical support assistance. | Review pricing and perceived value; consider a targeted retention offer.
16,0.036167666,Customer is currently low risk; continue regular engagement. | Consider an early-tenure retention offer or onboarding support.
17,0.73382777,Customer is high risk; prioritize for retention intervention. | Consider offering a suitable longer-term contract incentive. | Consider offering or highlighting an online security service. | Consider offering targeted technical support assistance. | Review pricing and perceived value; consider a targeted retention offer.
18,0.3527856,Customer is currently low risk; continue regular engagement. | Consider offering or highlighting an online security service. | Consider offering targeted technical support assistance. | Review pricing and perceived value; consider a targeted retention offer.
19,0.050767176,Customer is currently low risk; continue regular engagement. | Consider offering targeted technical support assistance.
20,0.8093774,Customer is high risk; prioritize for retention intervention. | Consider offering a suitable longer-term contract incentive. | Consider an early-tenure retention offer or onboarding support. | Consider offering or highlighting an online security service. | Consider offering targeted technical support assistance.
21,0.35656288,Customer is currently low risk; continue regular engagement. | Consider offering a suitable longer-term contract incentive. | Consider offering targeted technical support assistance.
22,0.04327974,Customer is currently low risk; continue regular engagement. | No specific retention action identified by the current rules.
23,0.035163373,Customer is currently low risk; continue regular engagement. | No specific retention action identified by the current rules.
24,0.15225504,Customer is currently low risk; continue regular engagement. | Consider offering a suitable longer-term contract incentive. | Consider offering or highlighting an online security service. | Consider offering targeted technical support assistance.
25,0.22263598,Customer is currently low risk; continue regular engagement. | Consider offering a suitable longer-term contract incentive. | Consider offering targeted technical support assistance.
26,0.58672976,Customer is medium risk; consider targeted retention engagement. | Consider offering a suitable longer-term contract incentive. | Consider offering or highlighting an online security service. | Consider offering targeted technical support assistance. | Review pricing and perceived value; consider a targeted retention offer.
27,0.8142495,Customer is high risk; prioritize for retention intervention. | Consider offering a suitable longer-term contract incentive. | Consider offering or highlighting an online security service. | Consider offering targeted technical support assistance. | Review pricing and perceived value; consider a targeted retention offer.
28,0.028658742,Customer is currently low risk; continue regular engagement. | No specific retention action identified by the current rules.
29,0.8584445,Customer is high risk; prioritize for retention intervention. | Consider offering a suitable longer-term contract incentive. | Consider an early-tenure retention offer or onboarding support. | Consider offering or highlighting an online security service. | Consider offering targeted technical support assistance. | Review pricing and perceived value; consider a targeted retention offer.
30,0.5878714,Customer is medium risk; consider targeted retention engagement. | Consider offering a suitable longer-term contract incentive. | Consider offering or highlighting an online security service. | Consider offering targeted technical support assistance. | Review pricing and perceived value; consider a targeted retention offer.
31,0.5541696,Customer is medium risk; consider targeted retention engagement. | Consider offering a suitable longer-term contract incentive. | Consider an early-tenure retention offer or onboarding support. | Consider offering or highlighting an online security service. | Consider offering targeted technical support assistance.
32,0.014509702,Customer is currently low risk; continue regular engagement. | No specific retention action identified by the current rules.
33,0.0137687195,Customer is currently low risk; continue regular engagement. | No specific retention action identified by the current rules.
34,0.88411826,Customer is high risk; prioritize for retention intervention. | Consider offering a suitable longer-term contract incentive. | Consider an early-tenure retention offer or onboarding support. | Consider offering or highlighting an online security service. | Consider offering targeted technical support assistance. | Review pricing and perceived value; consider a targeted retention offer.
35,0.24161349,Customer is currently low risk; continue regular engagement. | Consider offering a suitable longer-term contract incentive. | Consider offering or highlighting an online security service. | Consider offering targeted technical support assistance. | Review pricing and perceived value; consider a targeted retention offer.
36,0.5898294,Customer is medium risk; consider targeted retention engagement. | Consider offering a suitable longer-term contract incentive. | Consider an early-tenure retention offer or onboarding support. | Consider offering or highlighting an online security service. | Consider offering targeted technical support assistance.
37,0.015041075,Customer is currently low risk; continue regular engagement. | No specific retention action identified by the current rules.
38,0.92249775,Customer is high risk; prioritize for retention intervention. | Consider offering a suitable longer-term contract incentive. | Consider an early-tenure retention offer or onboarding support. | Consider offering or highlighting an online security service. | Consider offering targeted technical support assistance.
39,0.19328597,Customer is currently low risk; continue regular engagement. | Consider offering a suitable longer-term contract incentive. | Consider offering or highlighting an online security service.
40,0.012573258,Customer is currently low risk; continue regular engagement. | No specific retention action identified by the current rules.
41,0.90002084,Customer is high risk; prioritize for retention intervention. | Consider offering a suitable longer-term contract incentive. | Consider an early-tenure retention offer or onboarding support. | Consider offering or highlighting an online security service. | Consider offering targeted technical support assistance. | Review pricing and perceived value; consider a targeted retention offer.
42,0.40425646,Customer is medium risk; consider targeted retention engagement. | Consider offering a suitable longer-term contract incentive. | Consider offering or highlighting an online security service. | Consider offering targeted technical support assistance.
43,0.33830473,Customer is currently low risk; continue regular engagement. | Consider offering a suitable longer-term contract incentive. | Consider an early-tenure retention offer or onboarding support.
44,0.07544007,Customer is currently low risk; continue regular engagement. | No specific retention action identified by the current rules.
45,0.48892298,Customer is medium risk; consider targeted retention engagement. | Consider offering a suitable longer-term contract incentive. | Consider an early-tenure retention offer or onboarding support. | Review pricing and perceived value; consider a targeted retention offer.
46,0.8561087,Customer is high risk; prioritize for retention intervention. | Consider offering a suitable longer-term contract incentive. | Consider an early-tenure retention offer or onboarding support. | Consider offering or highlighting an online security service. | Consider offering targeted technical support assistance.
47,0.25338542,Customer is currently low risk; continue regular engagement. | Consider offering a suitable longer-term contract incentive. | Consider an early-tenure retention offer or onboarding support. | Consider offering or highlighting an online security service.
48,0.0172899,Customer is currently low risk; continue regular engagement. | No specific retention action identified by the current rules.
49,0.30471024,Customer is currently low risk; continue regular engagement. | Consider offering a suitable longer-term contract incentive. | Consider offering or highlighting an online security service. | Consider offering targeted technical support assistance.
50,0.012059823,Customer is currently low risk; continue regular engagement. | No specific retention action identified by the current rules.
51,0.8994706,Customer is high risk; prioritize for retention intervention. | Consider offering a suitable longer-term contract incentive. | Consider an early-tenure retention offer or onboarding support. | Consider offering targeted technical support assistance. | Review pricing and perceived value; consider a targeted retention offer.
52,0.30805367,Customer is currently low risk; continue regular engagement. | Consider offering a suitable longer-term contract incentive. | Consider an early-tenure retention offer or onboarding support.
53,0.43330947,Customer is medium risk; consider targeted retention engagement. | Consider offering a suitable longer-term contract incentive. | Consider an early-tenure retention offer or onboarding support. | Consider offering or highlighting an online security service.
54,0.42739812,Customer is medium risk; consider targeted retention engagement. | Consider offering a suitable longer-term contract incentive. | Consider an early-tenure retention offer or onboarding support. | Consider offering targeted technical support assistance.
55,0.70570606,Customer is high risk; prioritize for retention intervention. | Consider offering a suitable longer-term contract incentive. | Consider an early-tenure retention offer or onboarding support. | Consider offering or highlighting an online security service. | Consider offering targeted technical support assistance.
56,0.07002146,Customer is currently low risk; continue regular engagement. | Consider offering targeted technical support assistance.
57,0.036587212,Customer is currently low risk; continue regular engagement. | Consider offering targeted technical support assistance. | Review pricing and perceived value; consider a targeted retention offer.
58,0.048037227,Customer is currently low risk; continue regular engagement. | Consider offering or highlighting an online security service.
59,0.0116749,Customer is currently low risk; continue regular engagement. | No specific retention action identified by the current rules.
60,0.0048566014,Customer is currently low risk; continue regular engagement. | No specific retention action identified by the current rules.
61,0.041709222,Customer is currently low risk; continue regular engagement. | No specific retention action identified by the current rules.
62,0.117619686,Customer is currently low risk; continue regular engagement. | Consider offering or highlighting an online security service. | Consider offering targeted technical support assistance. | Review pricing and perceived value; consider a targeted retention offer.
63,0.18404624,Customer is currently low risk; continue regular engagement. | Consider offering a suitable longer-term contract incentive. | Consider an early-tenure retention offer or onboarding support. | Consider offering targeted technical support assistance.
64,0.37374073,Customer is currently low risk; continue regular engagement. | Consider offering a suitable longer-term contract incentive. | Consider an early-tenure retention offer or onboarding support. | Consider offering or highlighting an online security service. | Consider offering targeted technical support assistance.
65,0.62178516,Customer is medium risk; consider targeted retention engagement. | Consider offering a suitable longer-term contract incentive. | Consider an early-tenure retention offer or onboarding support. | Consider offering targeted technical support assistance.
66,0.23578776,Customer is currently low risk; continue regular engagement. | Consider offering a suitable longer-term contract incentive. | Consider an early-tenure retention offer or onboarding support.
67,0.28540143,Customer is currently low risk; continue regular engagement. | Consider offering a suitable longer-term contract incentive. | Consider offering or highlighting an online security service. | Consider offering targeted technical support assistance.
68,0.17258376,Customer is currently low risk; continue regular engagement. | Consider offering or highlighting an online security service.
69,0.8472988,Customer is high risk; prioritize for retention intervention. | Consider offering a suitable longer-term contract incentive. | Consider an early-tenure retention offer or onboarding support. | Consider offering or highlighting an online security service. | Consider offering targeted technical support assistance. | Review pricing and perceived value; consider a targeted retention offer.
70,0.0055009048,Customer is currently low risk; continue regular engagement. | No specific retention action identified by the current rules.
71,0.023711815,Customer is currently low risk; continue regular engagement. | No specific retention action identified by the current rules.
72,0.77476954,Customer is high risk; prioritize for retention intervention. | Consider offering a suitable longer-term contract incentive. | Consider offering or highlighting an online security service. | Consider offering targeted technical support assistance.
73,0.1373778,Customer is currently low risk; continue regular engagement. | Consider offering or highlighting an online security service. | Consider offering targeted technical support assistance.
74,0.057672277,Customer is currently low risk; continue regular engagement. | Consider offering targeted technical support assistance.
75,0.07601723,Customer is currently low risk; continue regular engagement. | No specific retention action identified by the current rules.
76,0.047071062,Customer is currently low risk; continue regular engagement. | Review pricing and perceived value; consider a targeted retention offer.
77,0.59106153,Customer is medium risk; consider targeted retention engagement. | Consider offering a suitable longer-term contract incentive. | Consider offering or highlighting an online security service. | Consider offering targeted technical support assistance.
78,0.3018705,Customer is currently low risk; continue regular engagement. | Consider offering a suitable longer-term contract incentive. | Consider an early-tenure retention offer or onboarding support.
79,0.016291447,Customer is currently low risk; continue regular engagement. | No specific retention action identified by the current rules.
80,0.031112237,Customer is currently low risk; continue regular engagement. | No specific retention action identified by the current rules.
81,0.010167954,Customer is currently low risk; continue regular engagement. | Review pricing and perceived value; consider a targeted retention offer.
82,0.28186813,Customer is currently low risk; continue regular engagement. | Consider offering or highlighting an online security service. | Review pricing and perceived value; consider a targeted retention offer.
83,0.91887575,Customer is high risk; prioritize for retention intervention. | Consider offering a suitable longer-term contract incentive. | Consider an early-tenure retention offer or onboarding support. | Consider offering or highlighting an online security service. | Consider offering targeted technical support assistance. | Review pricing and perceived value; consider a targeted retention offer.
84,0.0598996,Customer is currently low risk; continue regular engagement. | Consider an early-tenure retention offer or onboarding support.
85,0.53989863,Customer is medium risk; consider targeted retention engagement. | Consider offering a suitable longer-term contract incentive. | Consider offering or highlighting an online security service. | Review pricing and perceived value; consider a targeted retention offer.
86,0.8104851,Customer is high risk; prioritize for retention intervention. | Consider offering a suitable longer-term contract incentive. | Consider an early-tenure retention offer or onboarding support. | Consider offering or highlighting an online security service. | Consider offering targeted technical support assistance.
87,0.69108087,Customer is medium risk; consider targeted retention engagement. | Consider offering a suitable longer-term contract incentive. | Consider an early-tenure retention offer or onboarding support. | Consider offering or highlighting an online security service. | Consider offering targeted technical support assistance.
88,0.50171596,Customer is medium risk; consider targeted retention engagement. | Consider offering a suitable longer-term contract incentive. | Consider offering or highlighting an online security service. | Review pricing and perceived value; consider a targeted retention offer.
89,0.10142388,Customer is currently low risk; continue regular engagement. | Consider offering or highlighting an online security service. | Review pricing and perceived value; consider a targeted retention offer.
90,0.6609896,Customer is medium risk; consider targeted retention engagement. | Consider offering a suitable longer-term contract incentive. | Consider offering or highlighting an online security service. | Consider offering targeted technical support assistance. | Review pricing and perceived value; consider a targeted retention offer.
91,0.3118815,Customer is currently low risk; continue regular engagement. | Consider offering a suitable longer-term contract incentive. | Review pricing and perceived value; consider a targeted retention offer.
92,0.020894188,Customer is currently low risk; continue regular engagement. | No specific retention action identified by the current rules.
93,0.77752465,Customer is high risk; prioritize for retention intervention. | Consider offering a suitable longer-term contract incentive. | Consider offering or highlighting an online security service. | Consider offering targeted technical support assistance.
94,0.54204834,Customer is medium risk; consider targeted retention engagement. | Consider offering a suitable longer-term contract incentive. | Consider an early-tenure retention offer or onboarding support. | Consider offering or highlighting an online security service. | Consider offering targeted technical support assistance.
95,0.017515242,Customer is currently low risk; continue regular engagement. | No specific retention action identified by the current rules.
96,0.547701,Customer is medium risk; consider targeted retention engagement. | Consider offering a suitable longer-term contract incentive. | Consider an early-tenure retention offer or onboarding support. | Consider offering or highlighting an online security service. | Consider offering targeted technical support assistance.
97,0.012380601,Customer is currently low risk; continue regular engagement. | No specific retention action identified by the current rules.
98,0.8349321,Customer is high risk; prioritize for retention intervention. | Consider offering a suitable longer-term contract incentive. | Consider an early-tenure retention offer or onboarding support. | Consider offering or highlighting an online security service. | Consider offering targeted technical support assistance.
99,0.40714148,Customer is medium risk; consider targeted retention engagement. | Consider offering a suitable longer-term contract incentive. | Consider an early-tenure retention offer or onboarding support.
100,0.8773568,Customer is high risk; prioritize for retention intervention. | Consider offering a suitable longer-term contract incentive. | Consider offering or highlighting an online security service. | Consider offering targeted technical support assistance. | Review pricing and perceived value; consider a targeted retention offer.
101,0.8005633,Customer is high risk; prioritize for retention intervention. | Consider offering a suitable longer-term contract incentive. | Consider an early-tenure retention offer or onboarding support. | Consider offering or highlighting an online security service. | Consider offering targeted technical support assistance.
102,0.5453829,Customer is medium risk; consider targeted retention engagement. | Consider offering a suitable longer-term contract incentive. | Consider offering or highlighting an online security service. | Consider offering targeted technical support assistance.
103,0.36230865,Customer is currently low risk; continue regular engagement. | Consider offering a suitable longer-term contract incentive. | Consider offering targeted technical support assistance. | Review pricing and perceived value; consider a targeted retention offer.
104,0.30635178,Customer is currently low risk; continue regular engagement. | Consider offering a suitable longer-term contract incentive. | Consider offering or highlighting an online security service. | Consider offering targeted technical support assistance.
105,0.0046372176,Customer is currently low risk; continue regular engagement. | No specific retention action identified by the current rules.
106,0.22054683,Customer is currently low risk; continue regular engagement. | Consider offering or highlighting an online security service. | Review pricing and perceived value; consider a targeted retention offer.
107,0.03556873,Customer is currently low risk; continue regular engagement. | Consider offering targeted technical support assistance.
108,0.10298273,Customer is currently low risk; continue regular engagement. | Consider offering targeted technical support assistance. | Review pricing and perceived value; consider a targeted retention offer.
109,0.12005759,Customer is currently low risk; continue regular engagement. | Consider offering a suitable longer-term contract incentive.
110,0.020255258,Customer is currently low risk; continue regular engagement. | No specific retention action identified by the current rules.
111,0.7011323,Customer is high risk; prioritize for retention intervention. | Consider offering a suitable longer-term contract incentive. | Consider an early-tenure retention offer or onboarding support. | Consider offering or highlighting an online security service. | Consider offering targeted technical support assistance. | Review pricing and perceived value; consider a targeted retention offer.
112,0.2498381,Customer is currently low risk; continue regular engagement. | Consider offering a suitable longer-term contract incentive. | Consider offering or highlighting an online security service.
113,0.64031273,Customer is medium risk; consider targeted retention engagement. | Consider offering a suitable longer-term contract incentive. | Consider an early-tenure retention offer or onboarding support. | Consider offering or highlighting an online security service. | Consider offering targeted technical support assistance.
114,0.781872,Customer is high risk; prioritize for retention intervention. | Consider offering a suitable longer-term contract incentive. | Consider an early-tenure retention offer or onboarding support. | Consider offering or highlighting an online security service. | Consider offering targeted technical support assistance.
115,0.017538235,Customer is currently low risk; continue regular engagement. | Review pricing and perceived value; consider a targeted retention offer.
116,0.7404691,Customer is high risk; prioritize for retention intervention. | Consider offering a suitable longer-term contract incentive. | Consider an early-tenure retention offer or onboarding support. | Consider offering or highlighting an online security service. | Consider offering targeted technical support assistance.
117,0.5796947,Customer is medium risk; consider targeted retention engagement. | Consider offering a suitable longer-term contract incentive. | Consider offering targeted technical support assistance. | Review pricing and perceived value; consider a targeted retention offer.
118,0.027558442,Customer is currently low risk; continue regular engagement. | Review pricing and perceived value; consider a targeted retention offer.
119,0.020090396,Customer is currently low risk; continue regular engagement. | No specific retention action identified by the current rules.
120,0.014728025,Customer is currently low risk; continue regular engagement. | Consider offering or highlighting an online security service. | Review pricing and perceived value; consider a targeted retention offer.
121,0.8356396,Customer is high risk; prioritize for retention intervention. | Consider offering a suitable longer-term contract incentive. | Consider an early-tenure retention offer or onboarding support. | Consider offering or highlighting an online security service. | Consider offering targeted technical support assistance.
122,0.022313347,Customer is currently low risk; continue regular engagement. | Review pricing and perceived value; consider a targeted retention offer.
123,0.031148963,Customer is currently low risk; continue regular engagement. | No specific retention action identified by the current rules.
124,0.90954864,Customer is high risk; prioritize for retention intervention. | Consider offering a suitable longer-term contract incentive. | Consider an early-tenure retention offer or onboarding support. | Consider offering or highlighting an online security service. | Consider offering targeted technical support assistance.
125,0.016185064,Customer is currently low risk; continue regular engagement. | Review pricing and perceived value; consider a targeted retention offer.
126,0.5014647,Customer is medium risk; consider targeted retention engagement. | Consider offering a suitable longer-term contract incentive. | Consider offering or highlighting an online security service. | Consider offering targeted technical support assistance. | Review pricing and perceived value; consider a targeted retention offer.
127,0.1588536,Customer is currently low risk; continue regular engagement. | Consider offering a suitable longer-term contract incentive. | Consider offering targeted technical support assistance. | Review pricing and perceived value; consider a targeted retention offer.
128,0.72725147,Customer is high risk; prioritize for retention intervention. | Consider offering a suitable longer-term contract incentive. | Consider offering or highlighting an online security service. | Consider offering targeted technical support assistance. | Review pricing and perceived value; consider a targeted retention offer.
129,0.11218841,Customer is currently low risk; continue regular engagement. | Consider offering a suitable longer-term contract incentive. | Consider an early-tenure retention offer or onboarding support.
130,0.5968174,Customer is medium risk; consider targeted retention engagement. | Consider offering a suitable longer-term contract incentive. | Consider an early-tenure retention offer or onboarding support.
131,0.34126273,Customer is currently low risk; continue regular engagement. | Consider offering a suitable longer-term contract incentive. | Consider offering or highlighting an online security service. | Consider offering targeted technical support assistance.
132,0.33181563,Customer is currently low risk; continue regular engagement. | Review pricing and perceived value; consider a targeted retention offer.
133,0.20061989,Customer is currently low risk; continue regular engagement. | Consider offering or highlighting an online security service. | Consider offering targeted technical support assistance.
134,0.038290706,Customer is currently low risk; continue regular engagement. | Consider offering or highlighting an online security service.
135,0.29642028,Customer is currently low risk; continue regular engagement. | Consider offering a suitable longer-term contract incentive. | Consider offering or highlighting an online security service. | Consider offering targeted technical support assistance.
136,0.024418363,Customer is currently low risk; continue regular engagement. | Consider an early-tenure retention offer or onboarding support.
137,0.10149385,Customer is currently low risk; continue regular engagement. | Consider offering a suitable longer-term contract incentive. | Consider offering or highlighting an online security service.
138,0.010135171,Customer is currently low risk; continue regular engagement. | Review pricing and perceived value; consider a targeted retention offer.
139,0.41494834,Customer is medium risk; consider targeted retention engagement. | Consider offering a suitable longer-term contract incentive. | Consider offering or highlighting an online security service. | Consider offering targeted technical support assistance. | Review pricing and perceived value; consider a targeted retention offer.
140,0.10427354,Customer is currently low risk; continue regular engagement. | Review pricing and perceived value; consider a targeted retention offer.
141,0.08034503,Customer is currently low risk; continue regular engagement. | Consider offering or highlighting an online security service. | Review pricing and perceived value; consider a targeted retention offer.
142,0.6026544,Customer is medium risk; consider targeted retention engagement. | Consider offering a suitable longer-term contract incentive. | Consider an early-tenure retention offer or onboarding support. | Consider offering or highlighting an online security service. | Consider offering targeted technical support assistance.
143,0.03656578,Customer is currently low risk; continue regular engagement. | Consider offering or highlighting an online security service.
144,0.009805677,Customer is currently low risk; continue regular engagement. | No specific retention action identified by the current rules.
145,0.12680978,Customer is currently low risk; continue regular engagement. | Review pricing and perceived value; consider a targeted retention offer.
146,0.15858121,Customer is currently low risk; continue regular engagement. | Consider offering a suitable longer-term contract incentive.
147,0.44560918,Customer is medium risk; consider targeted retention engagement. | Consider offering a suitable longer-term contract incentive. | Consider offering targeted technical support assistance. | Review pricing and perceived value; consider a targeted retention offer.
148,0.46803352,Customer is medium risk; consider targeted retention engagement. | Consider offering a suitable longer-term contract incentive. | Consider offering or highlighting an online security service. | Consider offering targeted technical support assistance.
149,0.3606892,Customer is currently low risk; continue regular engagement. | Consider offering a suitable longer-term contract incentive. | Consider offering targeted technical support assistance. | Review pricing and perceived value; consider a targeted retention offer.
150,0.025802244,Customer is currently low risk; continue regular engagement. | No specific retention action identified by the current rules.
151,0.55833745,Customer is medium risk; consider targeted retention engagement. | Consider offering a suitable longer-term contract incentive. | Consider an early-tenure retention offer or onboarding support. | Consider offering targeted technical support assistance.
152,0.13802487,Customer is currently low risk; continue regular engagement. | Consider offering or highlighting an online security service. | Consider offering targeted technical support assistance. | Review pricing and perceived value; consider a targeted retention offer.
153,0.35628736,Customer is currently low risk; continue regular engagement. | Consider offering a suitable longer-term contract incentive. | Consider offering or highlighting an online security service. | Consider offering targeted technical support assistance.
154,0.8927773,Customer is high risk; prioritize for retention intervention. | Consider offering a suitable longer-term contract incentive. | Consider an early-tenure retention offer or onboarding support. | Consider offering or highlighting an online security service. | Consider offering targeted technical support assistance.
155,0.51798767,Customer is medium risk; consider targeted retention engagement. | Consider offering a suitable longer-term contract incentive. | Consider offering or highlighting an online security service. | Consider offering targeted technical support assistance.
156,0.64439255,Customer is medium risk; consider targeted retention engagement. | Consider offering a suitable longer-term contract incentive. | Consider an early-tenure retention offer or onboarding support. | Consider offering or highlighting an online security service. | Consider offering targeted technical support assistance.
157,0.5092208,Customer is medium risk; consider targeted retention engagement. | Consider offering a suitable longer-term contract incentive. | Consider an early-tenure retention offer or onboarding support. | Consider offering or highlighting an online security service. | Consider offering targeted technical support assistance.
158,0.72003144,Customer is high risk; prioritize for retention intervention. | Consider offering a suitable longer-term contract incentive. | Consider an early-tenure retention offer or onboarding support. | Consider offering or highlighting an online security service. | Consider offering targeted technical support assistance.
159,0.48706102,Customer is medium risk; consider targeted retention engagement. | Consider offering a suitable longer-term contract incentive. | Consider offering or highlighting an online security service. | Consider offering targeted technical support assistance. | Review pricing and perceived value; consider a targeted retention offer.
160,0.08488276,Customer is currently low risk; continue regular engagement. | Review pricing and perceived value; consider a targeted retention offer.
161,0.1445784,Customer is currently low risk; continue regular engagement. | Consider offering or highlighting an online security service. | Consider offering targeted technical support assistance.
162,0.009404204,Customer is currently low risk; continue regular engagement. | No specific retention action identified by the current rules.
163,0.017246446,Customer is currently low risk; continue regular engagement. | No specific retention action identified by the current rules.
164,0.06735746,Customer is currently low risk; continue regular engagement. | Consider offering or highlighting an online security service. | Review pricing and perceived value; consider a targeted retention offer.
165,0.25930202,Customer is currently low risk; continue regular engagement. | Consider offering a suitable longer-term contract incentive. | Consider an early-tenure retention offer or onboarding support.
166,0.030622367,Customer is currently low risk; continue regular engagement. | Consider offering targeted technical support assistance.
167,0.19187957,Customer is currently low risk; continue regular engagement. | Consider offering targeted technical support assistance. | Review pricing and perceived value; consider a targeted retention offer.
168,0.16853146,Customer is currently low risk; continue regular engagement. | Consider offering a suitable longer-term contract incentive.
169,0.028244052,Customer is currently low risk; continue regular engagement. | No specific retention action identified by the current rules.
170,0.47455952,Customer is medium risk; consider targeted retention engagement. | Consider offering a suitable longer-term contract incentive. | Consider offering or highlighting an online security service. | Consider offering targeted technical support assistance.
171,0.9279399,Customer is high risk; prioritize for retention intervention. | Consider offering a suitable longer-term contract incentive. | Consider an early-tenure retention offer or onboarding support. | Consider offering or highlighting an online security service. | Consider offering targeted technical support assistance.
172,0.09332501,Customer is currently low risk; continue regular engagement. | Consider offering a suitable longer-term contract incentive. | Consider offering targeted technical support assistance.
173,0.5727332,Customer is medium risk; consider targeted retention engagement. | Consider offering a suitable longer-term contract incentive. | Consider an early-tenure retention offer or onboarding support.
174,0.42721882,Customer is medium risk; consider targeted retention engagement. | Consider offering a suitable longer-term contract incentive. | Review pricing and perceived value; consider a targeted retention offer.
175,0.59076667,Customer is medium risk; consider targeted retention engagement. | Consider offering a suitable longer-term contract incentive. | Consider an early-tenure retention offer or onboarding support. | Consider offering or highlighting an online security service. | Consider offering targeted technical support assistance.
176,0.012513877,Customer is currently low risk; continue regular engagement. | No specific retention action identified by the current rules.
177,0.013470259,Customer is currently low risk; continue regular engagement. | No specific retention action identified by the current rules.
178,0.3224422,Customer is currently low risk; continue regular engagement. | Consider offering a suitable longer-term contract incentive. | Consider offering or highlighting an online security service. | Consider offering targeted technical support assistance. | Review pricing and perceived value; consider a targeted retention offer.
179,0.22357233,Customer is currently low risk; continue regular engagement. | Consider offering a suitable longer-term contract incentive. | Consider offering or highlighting an online security service. | Consider offering targeted technical support assistance.
180,0.6903746,Customer is medium risk; consider targeted retention engagement. | Consider offering a suitable longer-term contract incentive. | Consider an early-tenure retention offer or onboarding support. | Consider offering or highlighting an online security service. | Consider offering targeted technical support assistance.
181,0.05610138,Customer is currently low risk; continue regular engagement. | Consider offering or highlighting an online security service. | Consider offering targeted technical support assistance.
182,0.88255423,Customer is high risk; prioritize for retention intervention. | Consider offering a suitable longer-term contract incentive. | Consider an early-tenure retention offer or onboarding support. | Consider offering or highlighting an online security service. | Consider offering targeted technical support assistance.
183,0.41154104,Customer is medium risk; consider targeted retention engagement. | Consider offering a suitable longer-term contract incentive. | Consider an early-tenure retention offer or onboarding support. | Consider offering or highlighting an online security service.
184,0.007949406,Customer is currently low risk; continue regular engagement. | No specific retention action identified by the current rules.
185,0.26428303,Customer is currently low risk; continue regular engagement. | Consider offering a suitable longer-term contract incentive. | Consider offering or highlighting an online security service. | Consider offering targeted technical support assistance. | Review pricing and perceived value; consider a targeted retention offer.
186,0.06810301,Customer is currently low risk; continue regular engagement. | Consider offering a suitable longer-term contract incentive. | Consider offering targeted technical support assistance.
187,0.57602227,Customer is medium risk; consider targeted retention engagement. | Consider offering a suitable longer-term contract incentive. | Consider an early-tenure retention offer or onboarding support. | Consider offering or highlighting an online security service. | Consider offering targeted technical support assistance.
188,0.13742547,Customer is currently low risk; continue regular engagement. | Consider offering or highlighting an online security service.
189,0.04684695,Customer is currently low risk; continue regular engagement. | Consider offering or highlighting an online security service. | Review pricing and perceived value; consider a targeted retention offer.
190,0.15340765,Customer is currently low risk; continue regular engagement. | Consider offering a suitable longer-term contract incentive. | Consider offering targeted technical support assistance. | Review pricing and perceived value; consider a targeted retention offer.
191,0.5329662,Customer is medium risk; consider targeted retention engagement. | Consider offering a suitable longer-term contract incentive. | Consider an early-tenure retention offer or onboarding support. | Consider offering or highlighting an online security service. | Consider offering targeted technical support assistance.
192,0.7481977,Customer is high risk; prioritize for retention intervention. | Consider offering a suitable longer-term contract incentive. | Consider offering or highlighting an online security service. | Consider offering targeted technical support assistance.
193,0.018974867,Customer is currently low risk; continue regular engagement. | No specific retention action identified by the current rules.
194,0.4818186,Customer is medium risk; consider targeted retention engagement. | Consider offering a suitable longer-term contract incentive. | Consider offering or highlighting an online security service. | Consider offering targeted technical support assistance. | Review pricing and perceived value; consider a targeted retention offer.
195,0.44368112,Customer is medium risk; consider targeted retention engagement. | Consider offering a suitable longer-term contract incentive. | Consider offering or highlighting an online security service. | Consider offering targeted technical support assistance. | Review pricing and perceived value; consider a targeted retention offer.
196,0.5506089,Customer is medium risk; consider targeted retention engagement. | Consider offering a suitable longer-term contract incentive. | Consider offering or highlighting an online security service. | Consider offering targeted technical support assistance.
197,0.29074606,Customer is currently low risk; continue regular engagement. | Consider offering or highlighting an online security service. | Consider offering targeted technical support assistance. | Review pricing and perceived value; consider a targeted retention offer.
198,0.5588403,Customer is medium risk; consider targeted retention engagement. | Consider offering a suitable longer-term contract incentive. | Consider offering or highlighting an online security service. | Review pricing and perceived value; consider a targeted retention offer.
199,0.40976205,Customer is medium risk; consider targeted retention engagement. | Consider offering a suitable longer-term contract incentive. | Consider offering or highlighting an online security service. | Consider offering targeted technical support assistance. | Review pricing and perceived value; consider a targeted retention offer.
200,0.20429994,Customer is currently low risk; continue regular engagement. | Consider offering a suitable longer-term contract incentive. | Consider offering targeted technical support assistance.
201,0.020818701,Customer is currently low risk; continue regular engagement. | No specific retention action identified by the current rules.
202,0.045616906,Customer is currently low risk; continue regular engagement. | Consider an early-tenure retention offer or onboarding support.
203,0.11172833,Customer is currently low risk; continue regular engagement. | Consider offering a suitable longer-term contract incentive.
204,0.2727547,Customer is currently low risk; continue regular engagement. | Consider offering a suitable longer-term contract incentive. | Consider an early-tenure retention offer or onboarding support.
205,0.13346024,Customer is currently low risk; continue regular engagement. | Consider offering or highlighting an online security service. | Consider offering targeted technical support assistance. | Review pricing and perceived value; consider a targeted retention offer.
206,0.11561587,Customer is currently low risk; continue regular engagement. | Consider offering a suitable longer-term contract incentive. | Consider offering targeted technical support assistance.
207,0.22030458,Customer is currently low risk; continue regular engagement. | Consider offering a suitable longer-term contract incentive. | Consider an early-tenure retention offer or onboarding support.
208,0.6252966,Customer is medium risk; consider targeted retention engagement. | Consider offering a suitable longer-term contract incentive. | Consider an early-tenure retention offer or onboarding support.
209,0.015937405,Customer is currently low risk; continue regular engagement. | No specific retention action identified by the current rules.
210,0.14935642,Customer is currently low risk; continue regular engagement. | Consider offering or highlighting an online security service. | Consider offering targeted technical support assistance. | Review pricing and perceived value; consider a targeted retention offer.
211,0.5737628,Customer is medium risk; consider targeted retention engagement. | Consider offering a suitable longer-term contract incentive. | Consider an early-tenure retention offer or onboarding support. | Consider offering or highlighting an online security service. | Consider offering targeted technical support assistance.
212,0.31537613,Customer is currently low risk; continue regular engagement. | Consider offering targeted technical support assistance. | Review pricing and perceived value; consider a targeted retention offer.
213,0.0271044,Customer is currently low risk; continue regular engagement. | No specific retention action identified by the current rules.
214,0.022004716,Customer is currently low risk; continue regular engagement. | Consider offering targeted technical support assistance.
215,0.43447378,Customer is medium risk; consider targeted retention engagement. | Consider offering a suitable longer-term contract incentive. | Consider offering or highlighting an online security service. | Consider offering targeted technical support assistance.
216,0.012415083,Customer is currently low risk; continue regular engagement. | No specific retention action identified by the current rules.
217,0.49543557,Customer is medium risk; consider targeted retention engagement. | Consider offering a suitable longer-term contract incentive. | Consider offering or highlighting an online security service. | Review pricing and perceived value; consider a targeted retention offer.
218,0.67120326,Customer is medium risk; consider targeted retention engagement. | Consider offering a suitable longer-term contract incentive. | Consider offering or highlighting an online security service. | Consider offering targeted technical support assistance.
219,0.119044654,Customer is currently low risk; continue regular engagement. | Consider offering a suitable longer-term contract incentive.
220,0.11394787,Customer is currently low risk; continue regular engagement. | Consider offering or highlighting an online security service. | Consider offering targeted technical support assistance. | Review pricing and perceived value; consider a targeted retention offer.
221,0.17113961,Customer is currently low risk; continue regular engagement. | Consider offering or highlighting an online security service. | Consider offering targeted technical support assistance.
222,0.4345317,Customer is medium risk; consider targeted retention engagement. | Consider offering a suitable longer-term contract incentive. | Consider offering or highlighting an online security service. | Consider offering targeted technical support assistance.
223,0.11192004,Customer is currently low risk; continue regular engagement. | Consider offering a suitable longer-term contract incentive.
224,0.78717697,Customer is high risk; prioritize for retention intervention. | Consider offering a suitable longer-term contract incentive. | Consider offering or highlighting an online security service. | Consider offering targeted technical support assistance. | Review pricing and perceived value; consider a targeted retention offer.
225,0.1587227,Customer is currently low risk; continue regular engagement. | Consider offering or highlighting an online security service. | Review pricing and perceived value; consider a targeted retention offer.
226,0.009934988,Customer is currently low risk; continue regular engagement. | No specific retention action identified by the current rules.
227,0.18583727,Customer is currently low risk; continue regular engagement. | Consider offering a suitable longer-term contract incentive. | Consider an early-tenure retention offer or onboarding support.
228,0.8476454,Customer is high risk; prioritize for retention intervention. | Consider offering a suitable longer-term contract incentive. | Consider offering or highlighting an online security service. | Consider offering targeted technical support assistance. | Review pricing and perceived value; consider a targeted retention offer.
229,0.84469205,Customer is high risk; prioritize for retention intervention. | Consider offering a suitable longer-term contract incentive. | Consider an early-tenure retention offer or onboarding support. | Consider offering or highlighting an online security service. | Consider offering targeted technical support assistance. | Review pricing and perceived value; consider a targeted retention offer.
230,0.058569882,Customer is currently low risk; continue regular engagement. | Review pricing and perceived value; consider a targeted retention offer.
231,0.6844475,Customer is medium risk; consider targeted retention engagement. | Consider offering a suitable longer-term contract incentive. | Consider offering or highlighting an online security service. | Consider offering targeted technical support assistance. | Review pricing and perceived value; consider a targeted retention offer.
232,0.52290666,Customer is medium risk; consider targeted retention engagement. | Consider offering a suitable longer-term contract incentive. | Consider offering or highlighting an online security service. | Consider offering targeted technical support assistance. | Review pricing and perceived value; consider a targeted retention offer.
233,0.027103199,Customer is currently low risk; continue regular engagement. | Consider offering or highlighting an online security service. | Review pricing and perceived value; consider a targeted retention offer.
234,0.8957253,Customer is high risk; prioritize for retention intervention. | Consider offering a suitable longer-term contract incentive. | Consider an early-tenure retention offer or onboarding support. | Consider offering or highlighting an online security service. | Consider offering targeted technical support assistance.
235,0.8840659,Customer is high risk; prioritize for retention intervention. | Consider offering a suitable longer-term contract incentive. | Consider an early-tenure retention offer or onboarding support. | Consider offering or highlighting an online security service. | Consider offering targeted technical support assistance.
236,0.3842926,Customer is currently low risk; continue regular engagement. | Consider offering a suitable longer-term contract incentive. | Consider offering or highlighting an online security service. | Review pricing and perceived value; consider a targeted retention offer.
237,0.34818044,Customer is currently low risk; continue regular engagement. | Consider offering a suitable longer-term contract incentive. | Consider an early-tenure retention offer or onboarding support. | Consider offering or highlighting an online security service.
238,0.20979962,Customer is currently low risk; continue regular engagement. | Consider offering or highlighting an online security service. | Consider offering targeted technical support assistance.
239,0.678437,Customer is medium risk; consider targeted retention engagement. | Consider offering a suitable longer-term contract incentive. | Consider offering or highlighting an online security service. | Consider offering targeted technical support assistance. | Review pricing and perceived value; consider a targeted retention offer.
240,0.7698538,Customer is high risk; prioritize for retention intervention. | Consider offering a suitable longer-term contract incentive. | Consider an early-tenure retention offer or onboarding support. | Consider offering or highlighting an online security service. | Consider offering targeted technical support assistance.
241,0.5980228,Customer is medium risk; consider targeted retention engagement. | Consider offering a suitable longer-term contract incentive. | Consider offering or highlighting an online security service. | Consider offering targeted technical support assistance. | Review pricing and perceived value; consider a targeted retention offer.
242,0.069387645,Customer is currently low risk; continue regular engagement. | Consider offering or highlighting an online security service. | Consider offering targeted technical support assistance. | Review pricing and perceived value; consider a targeted retention offer.
243,0.123801365,Customer is currently low risk; continue regular engagement. | Consider offering or highlighting an online security service. | Consider offering targeted technical support assistance. | Review pricing and perceived value; consider a targeted retention offer.
244,0.62834036,Customer is medium risk; consider targeted retention engagement. | Consider offering a suitable longer-term contract incentive. | Consider an early-tenure retention offer or onboarding support. | Consider offering or highlighting an online security service. | Consider offering targeted technical support assistance.
245,0.58193207,Customer is medium risk; consider targeted retention engagement. | Consider offering a suitable longer-term contract incentive. | Consider offering targeted technical support assistance. | Review pricing and perceived value; consider a targeted retention offer.
246,0.72424054,Customer is high risk; prioritize for retention intervention. | Consider offering a suitable longer-term contract incentive. | Consider an early-tenure retention offer or onboarding support. | Consider offering targeted technical support assistance. | Review pricing and perceived value; consider a targeted retention offer.
247,0.046603993,Customer is currently low risk; continue regular engagement. | No specific retention action identified by the current rules.
248,0.021587905,Customer is currently low risk; continue regular engagement. | Consider an early-tenure retention offer or onboarding support.
249,0.61084586,Customer is medium risk; consider targeted retention engagement. | Consider offering a suitable longer-term contract incentive. | Consider offering or highlighting an online security service. | Consider offering targeted technical support assistance.
250,0.0355703,Customer is currently low risk; continue regular engagement. | No specific retention action identified by the current rules.
251,0.08696619,Customer is currently low risk; continue regular engagement. | Consider offering a suitable longer-term contract incentive. | Consider an early-tenure retention offer or onboarding support.
252,0.12174724,Customer is currently low risk; continue regular engagement. | Consider offering a suitable longer-term contract incentive.
253,0.052080948,Customer is currently low risk; continue regular engagement. | Consider offering or highlighting an online security service. | Review pricing and perceived value; consider a targeted retention offer.
254,0.3925746,Customer is currently low risk; continue regular engagement. | Consider offering a suitable longer-term contract incentive. | Consider an early-tenure retention offer or onboarding support. | Consider offering or highlighting an online security service. | Consider offering targeted technical support assistance.
255,0.030393366,Customer is currently low risk; continue regular engagement. | No specific retention action identified by the current rules.
256,0.0704967,Customer is currently low risk; continue regular engagement. | Consider an early-tenure retention offer or onboarding support.
257,0.26833737,Customer is currently low risk; continue regular engagement. | Consider offering a suitable longer-term contract incentive. | Review pricing and perceived value; consider a targeted retention offer.
258,0.33646908,Customer is currently low risk; continue regular engagement. | Consider offering or highlighting an online security service. | Consider offering targeted technical support assistance. | Review pricing and perceived value; consider a targeted retention offer.
259,0.5598066,Customer is medium risk; consider targeted retention engagement. | Consider offering a suitable longer-term contract incentive. | Consider offering or highlighting an online security service. | Consider offering targeted technical support assistance. | Review pricing and perceived value; consider a targeted retention offer.
260,0.584003,Customer is medium risk; consider targeted retention engagement. | Consider offering a suitable longer-term contract incentive. | Consider an early-tenure retention offer or onboarding support. | Consider offering or highlighting an online security service. | Consider offering targeted technical support assistance.
261,0.17175412,Customer is currently low risk; continue regular engagement. | Review pricing and perceived value; consider a targeted retention offer.
262,0.006610935,Customer is currently low risk; continue regular engagement. | No specific retention action identified by the current rules.
263,0.13667732,Customer is currently low risk; continue regular engagement. | Consider offering a suitable longer-term contract incentive.
264,0.751093,Customer is high risk; prioritize for retention intervention. | Consider offering a suitable longer-term contract incentive. | Consider an early-tenure retention offer or onboarding support. | Consider offering or highlighting an online security service. | Consider offering targeted technical support assistance.
265,0.14644852,Customer is currently low risk; continue regular engagement. | Consider offering a suitable longer-term contract incentive. | Consider offering or highlighting an online security service.
266,0.6108768,Customer is medium risk; consider targeted retention engagement. | Consider offering a suitable longer-term contract incentive. | Consider an early-tenure retention offer or onboarding support. | Consider offering targeted technical support assistance.
267,0.023604658,Customer is currently low risk; continue regular engagement. | No specific retention action identified by the current rules.
268,0.5439814,Customer is medium risk; consider targeted retention engagement. | Consider offering a suitable longer-term contract incentive. | Consider offering targeted technical support assistance. | Review pricing and perceived value; consider a targeted retention offer.
269,0.7035675,Customer is high risk; prioritize for retention intervention. | Consider offering a suitable longer-term contract incentive. | Consider an early-tenure retention offer or onboarding support. | Consider offering or highlighting an online security service. | Consider offering targeted technical support assistance.
270,0.5878007,Customer is medium risk; consider targeted retention engagement. | Consider offering a suitable longer-term contract incentive. | Consider an early-tenure retention offer or onboarding support. | Consider offering or highlighting an online security service.
271,0.009920665,Customer is currently low risk; continue regular engagement. | No specific retention action identified by the current rules.
272,0.41789114,Customer is medium risk; consider targeted retention engagement. | Consider offering a suitable longer-term contract incentive. | Consider an early-tenure retention offer or onboarding support. | Consider offering or highlighting an online security service. | Consider offering targeted technical support assistance.
273,0.1863009,Customer is currently low risk; continue regular engagement. | Consider an early-tenure retention offer or onboarding support. | Consider offering or highlighting an online security service. | Consider offering targeted technical support assistance.
274,0.019518368,Customer is currently low risk; continue regular engagement. | Review pricing and perceived value; consider a targeted retention offer.
275,0.76457256,Customer is high risk; prioritize for retention intervention. | Consider offering a suitable longer-term contract incentive. | Consider an early-tenure retention offer or onboarding support. | Consider offering or highlighting an online security service. | Consider offering targeted technical support assistance. | Review pricing and perceived value; consider a targeted retention offer.
276,0.8299194,Customer is high risk; prioritize for retention intervention. | Consider offering a suitable longer-term contract incentive. | Consider an early-tenure retention offer or onboarding support. | Consider offering or highlighting an online security service. | Consider offering targeted technical support assistance. | Review pricing and perceived value; consider a targeted retention offer.
277,0.5788596,Customer is medium risk; consider targeted retention engagement. | Consider offering a suitable longer-term contract incentive. | Consider offering or highlighting an online security service. | Consider offering targeted technical support assistance. | Review pricing and perceived value; consider a targeted retention offer.
278,0.9183204,Customer is high risk; prioritize for retention intervention. | Consider offering a suitable longer-term contract incentive. | Consider an early-tenure retention offer or onboarding support. | Consider offering or highlighting an online security service. | Consider offering targeted technical support assistance. | Review pricing and perceived value; consider a targeted retention offer.
279,0.11141135,Customer is currently low risk; continue regular engagement. | Consider offering a suitable longer-term contract incentive.
280,0.70597744,Customer is high risk; prioritize for retention intervention. | Consider offering a suitable longer-term contract incentive. | Consider an early-tenure retention offer or onboarding support. | Consider offering or highlighting an online security service. | Consider offering targeted technical support assistance.
281,0.26491016,Customer is currently low risk; continue regular engagement. | Consider offering a suitable longer-term contract incentive.
282,0.58974046,Customer is medium risk; consider targeted retention engagement. | Consider offering a suitable longer-term contract incentive. | Consider an early-tenure retention offer or onboarding support. | Consider offering or highlighting an online security service.
283,0.053795505,Customer is currently low risk; continue regular engagement. | No specific retention action identified by the current rules.
284,0.7013378,Customer is high risk; prioritize for retention intervention. | Consider offering a suitable longer-term contract incentive. | Consider offering or highlighting an online security service.
285,0.8565192,Customer is high risk; prioritize for retention intervention. | Consider offering a suitable longer-term contract incentive. | Consider offering or highlighting an online security service. | Consider offering targeted technical support assistance. | Review pricing and perceived value; consider a targeted retention offer.
286,0.30751362,Customer is currently low risk; continue regular engagement. | Consider offering a suitable longer-term contract incentive. | Consider offering targeted technical support assistance.
287,0.05749833,Customer is currently low risk; continue regular engagement. | Consider offering targeted technical support assistance. | Review pricing and perceived value; consider a targeted retention offer.
288,0.7533276,Customer is high risk; prioritize for retention intervention. | Consider offering a suitable longer-term contract incentive. | Consider offering or highlighting an online security service. | Consider offering targeted technical support assistance. | Review pricing and perceived value; consider a targeted retention offer.
289,0.034042418,Customer is currently low risk; continue regular engagement. | No specific retention action identified by the current rules.
290,0.65334344,Customer is medium risk; consider targeted retention engagement. | Consider offering a suitable longer-term contract incentive. | Consider an early-tenure retention offer or onboarding support.
291,0.15934893,Customer is currently low risk; continue regular engagement. | Consider offering a suitable longer-term contract incentive. | Consider offering or highlighting an online security service. | Consider offering targeted technical support assistance.
292,0.013910337,Customer is currently low risk; continue regular engagement. | Review pricing and perceived value; consider a targeted retention offer.
293,0.12240535,Customer is currently low risk; continue regular engagement. | Consider offering a suitable longer-term contract incentive.
294,0.033228163,Customer is currently low risk; continue regular engagement. | Consider an early-tenure retention offer or onboarding support.
295,0.26374656,Customer is currently low risk; continue regular engagement. | Consider offering or highlighting an online security service. | Review pricing and perceived value; consider a targeted retention offer.
296,0.3653875,Customer is currently low risk; continue regular engagement. | Consider offering a suitable longer-term contract incentive. | Consider offering targeted technical support assistance. | Review pricing and perceived value; consider a targeted retention offer.
297,0.087262355,Customer is currently low risk; continue regular engagement. | Consider offering a suitable longer-term contract incentive.
298,0.036345597,Customer is currently low risk; continue regular engagement. | No specific retention action identified by the current rules.
299,0.056987725,Customer is currently low risk; continue regular engagement. | No specific retention action identified by the current rules.
300,0.0044706776,Customer is currently low risk; continue regular engagement. | No specific retention action identified by the current rules.
301,0.3249368,Customer is currently low risk; continue regular engagement. | Consider offering a suitable longer-term contract incentive. | Review pricing and perceived value; consider a targeted retention offer.
302,0.67696035,Customer is medium risk; consider targeted retention engagement. | Consider offering a suitable longer-term contract incentive. | Consider an early-tenure retention offer or onboarding support. | Consider offering targeted technical support assistance.
303,0.049626645,Customer is currently low risk; continue regular engagement. | No specific retention action identified by the current rules.
304,0.8479795,Customer is high risk; prioritize for retention intervention. | Consider offering a suitable longer-term contract incentive. | Consider an early-tenure retention offer or onboarding support. | Consider offering or highlighting an online security service. | Consider offering targeted technical support assistance. | Review pricing and perceived value; consider a targeted retention offer.
305,0.1882317,Customer is currently low risk; continue regular engagement. | Consider offering a suitable longer-term contract incentive. | Consider offering or highlighting an online security service.
306,0.081024855,Customer is currently low risk; continue regular engagement. | Consider offering targeted technical support assistance.
307,0.09232519,Customer is currently low risk; continue regular engagement. | Consider an early-tenure retention offer or onboarding support. | Consider offering targeted technical support assistance.
308,0.32324538,Customer is currently low risk; continue regular engagement. | Consider offering a suitable longer-term contract incentive. | Consider an early-tenure retention offer or onboarding support.
309,0.2412988,Customer is currently low risk; continue regular engagement. | Consider offering a suitable longer-term contract incentive. | Consider an early-tenure retention offer or onboarding support.
310,0.63519144,Customer is medium risk; consider targeted retention engagement. | Consider offering a suitable longer-term contract incentive. | Consider an early-tenure retention offer or onboarding support. | Consider offering or highlighting an online security service. | Review pricing and perceived value; consider a targeted retention offer.
311,0.6596746,Customer is medium risk; consider targeted retention engagement. | Consider offering a suitable longer-term contract incentive. | Consider an early-tenure retention offer or onboarding support. | Consider offering targeted technical support assistance.
312,0.06984771,Customer is currently low risk; continue regular engagement. | Consider offering or highlighting an online security service. | Consider offering targeted technical support assistance.
313,0.08551711,Customer is currently low risk; continue regular engagement. | No specific retention action identified by the current rules.
314,0.08630761,Customer is currently low risk; continue regular engagement. | No specific retention action identified by the current rules.
315,0.04155977,Customer is currently low risk; continue regular engagement. | No specific retention action identified by the current rules.
316,0.13775375,Customer is currently low risk; continue regular engagement. | Consider offering or highlighting an online security service. | Review pricing and perceived value; consider a targeted retention offer.
317,0.059065387,Customer is currently low risk; continue regular engagement. | Consider offering targeted technical support assistance.
318,0.45608672,Customer is medium risk; consider targeted retention engagement. | Consider offering a suitable longer-term contract incentive. | Consider an early-tenure retention offer or onboarding support.
319,0.70494926,Customer is high risk; prioritize for retention intervention. | Consider offering a suitable longer-term contract incentive. | Consider an early-tenure retention offer or onboarding support. | Consider offering or highlighting an online security service. | Consider offering targeted technical support assistance.
320,0.522388,Customer is medium risk; consider targeted retention engagement. | Consider offering a suitable longer-term contract incentive. | Consider offering or highlighting an online security service. | Review pricing and perceived value; consider a targeted retention offer.
321,0.65454775,Customer is medium risk; consider targeted retention engagement. | Consider offering a suitable longer-term contract incentive. | Consider an early-tenure retention offer or onboarding support. | Consider offering or highlighting an online security service. | Consider offering targeted technical support assistance.
322,0.6312872,Customer is medium risk; consider targeted retention engagement. | Consider offering a suitable longer-term contract incentive. | Consider an early-tenure retention offer or onboarding support. | Consider offering or highlighting an online security service. | Consider offering targeted technical support assistance.
323,0.20766538,Customer is currently low risk; continue regular engagement. | Consider offering a suitable longer-term contract incentive.
324,0.3971417,Customer is currently low risk; continue regular engagement. | Consider offering a suitable longer-term contract incentive. | Consider offering or highlighting an online security service. | Consider offering targeted technical support assistance.
325,0.034760863,Customer is currently low risk; continue regular engagement. | Consider offering or highlighting an online security service. | Review pricing and perceived value; consider a targeted retention offer.
326,0.07989774,Customer is currently low risk; continue regular engagement. | Review pricing and perceived value; consider a targeted retention offer.
327,0.769059,Customer is high risk; prioritize for retention intervention. | Consider offering a suitable longer-term contract incentive. | Consider offering or highlighting an online security service. | Consider offering targeted technical support assistance. | Review pricing and perceived value; consider a targeted retention offer.
328,0.05493687,Customer is currently low risk; continue regular engagement. | Consider offering or highlighting an online security service. | Review pricing and perceived value; consider a targeted retention offer.
329,0.024220211,Customer is currently low risk; continue regular engagement. | No specific retention action identified by the current rules.
330,0.5674947,Customer is medium risk; consider targeted retention engagement. | Consider offering a suitable longer-term contract incentive. | Consider an early-tenure retention offer or onboarding support.
331,0.112728,Customer is currently low risk; continue regular engagement. | Consider offering or highlighting an online security service. | Consider offering targeted technical support assistance. | Review pricing and perceived value; consider a targeted retention offer.
332,0.020622717,Customer is currently low risk; continue regular engagement. | Consider offering or highlighting an online security service. | Consider offering targeted technical support assistance. | Review pricing and perceived value; consider a targeted retention offer.
333,0.054482296,Customer is currently low risk; continue regular engagement. | No specific retention action identified by the current rules.
334,0.0058926186,Customer is currently low risk; continue regular engagement. | Review pricing and perceived value; consider a targeted retention offer.
335,0.010893374,Customer is currently low risk; continue regular engagement. | Consider offering targeted technical support assistance.
336,0.58140093,Customer is medium risk; consider targeted retention engagement. | Consider offering a suitable longer-term contract incentive. | Consider an early-tenure retention offer or onboarding support. | Consider offering or highlighting an online security service. | Consider offering targeted technical support assistance.
337,0.09322685,Customer is currently low risk; continue regular engagement. | Consider offering a suitable longer-term contract incentive. | Consider offering targeted technical support assistance.
338,0.018437227,Customer is currently low risk; continue regular engagement. | No specific retention action identified by the current rules.
339,0.030753106,Customer is currently low risk; continue regular engagement. | No specific retention action identified by the current rules.
340,0.010772228,Customer is currently low risk; continue regular engagement. | No specific retention action identified by the current rules.
341,0.92392236,Customer is high risk; prioritize for retention intervention. | Consider offering a suitable longer-term contract incentive. | Consider an early-tenure retention offer or onboarding support. | Consider offering or highlighting an online security service. | Consider offering targeted technical support assistance.
342,0.2675781,Customer is currently low risk; continue regular engagement. | Consider offering a suitable longer-term contract incentive. | Consider offering or highlighting an online security service.
343,0.36641422,Customer is currently low risk; continue regular engagement. | Consider offering a suitable longer-term contract incentive. | Consider an early-tenure retention offer or onboarding support. | Consider offering or highlighting an online security service.
344,0.9105625,Customer is high risk; prioritize for retention intervention. | Consider offering a suitable longer-term contract incentive. | Consider an early-tenure retention offer or onboarding support. | Consider offering or highlighting an online security service. | Consider offering targeted technical support assistance. | Review pricing and perceived value; consider a targeted retention offer.
345,0.067223035,Customer is currently low risk; continue regular engagement. | Consider offering or highlighting an online security service. | Consider offering targeted technical support assistance. | Review pricing and perceived value; consider a targeted retention offer.
346,0.013301677,Customer is currently low risk; continue regular engagement. | No specific retention action identified by the current rules.
347,0.6067713,Customer is medium risk; consider targeted retention engagement. | Consider offering a suitable longer-term contract incentive. | Consider offering or highlighting an online security service. | Consider offering targeted technical support assistance.
348,0.1733325,Customer is currently low risk; continue regular engagement. | Consider offering a suitable longer-term contract incentive. | Consider offering or highlighting an online security service. | Consider offering targeted technical support assistance.
349,0.6865997,Customer is medium risk; consider targeted retention engagement. | Consider offering a suitable longer-term contract incentive. | Consider offering or highlighting an online security service. | Consider offering targeted technical support assistance. | Review pricing and perceived value; consider a targeted retention offer.
350,0.14017981,Customer is currently low risk; continue regular engagement. | Consider offering targeted technical support assistance.
351,0.10648594,Customer is currently low risk; continue regular engagement. | Review pricing and perceived value; consider a targeted retention offer.
352,0.17266542,Customer is currently low risk; continue regular engagement. | Consider offering or highlighting an online security service.
353,0.23598146,Customer is currently low risk; continue regular engagement. | Consider offering a suitable longer-term contract incentive. | Consider an early-tenure retention offer or onboarding support. | Consider offering or highlighting an online security service. | Consider offering targeted technical support assistance.
354,0.0050189253,Customer is currently low risk; continue regular engagement. | No specific retention action identified by the current rules.
355,0.19859423,Customer is currently low risk; continue regular engagement. | Consider offering a suitable longer-term contract incentive. | Consider offering targeted technical support assistance.
356,0.15037194,Customer is currently low risk; continue regular engagement. | Review pricing and perceived value; consider a targeted retention offer.
357,0.62510574,Customer is medium risk; consider targeted retention engagement. | Consider offering a suitable longer-term contract incentive. | Consider offering or highlighting an online security service. | Review pricing and perceived value; consider a targeted retention offer.
358,0.06842986,Customer is currently low risk; continue regular engagement. | Review pricing and perceived value; consider a targeted retention offer.
359,0.81925064,Customer is high risk; prioritize for retention intervention. | Consider offering a suitable longer-term contract incentive. | Consider an early-tenure retention offer or onboarding support. | Consider offering or highlighting an online security service. | Consider offering targeted technical support assistance. | Review pricing and perceived value; consider a targeted retention offer.
360,0.80376214,Customer is high risk; prioritize for retention intervention. | Consider offering a suitable longer-term contract incentive. | Consider an early-tenure retention offer or onboarding support. | Consider offering or highlighting an online security service. | Consider offering targeted technical support assistance.
361,0.02469778,Customer is currently low risk; continue regular engagement. | No specific retention action identified by the current rules.
362,0.15986437,Customer is currently low risk; continue regular engagement. | Consider offering or highlighting an online security service.
363,0.29940513,Customer is currently low risk; continue regular engagement. | Consider offering a suitable longer-term contract incentive. | Review pricing and perceived value; consider a targeted retention offer.
364,0.1684167,Customer is currently low risk; continue regular engagement. | Consider offering a suitable longer-term contract incentive.
365,0.31252852,Customer is currently low risk; continue regular engagement. | Review pricing and perceived value; consider a targeted retention offer.
366,0.29278302,Customer is currently low risk; continue regular engagement. | Consider offering a suitable longer-term contract incentive. | Consider offering or highlighting an online security service.
367,0.053527545,Customer is currently low risk; continue regular engagement. | Consider offering targeted technical support assistance.
368,0.02751969,Customer is currently low risk; continue regular engagement. | No specific retention action identified by the current rules.
369,0.5946109,Customer is medium risk; consider targeted retention engagement. | Consider offering a suitable longer-term contract incentive. | Consider an early-tenure retention offer or onboarding support. | Consider offering or highlighting an online security service. | Consider offering targeted technical support assistance. | Review pricing and perceived value; consider a targeted retention offer.
370,0.53197515,Customer is medium risk; consider targeted retention engagement. | Consider offering a suitable longer-term contract incentive. | Consider an early-tenure retention offer or onboarding support. | Consider offering or highlighting an online security service. | Review pricing and perceived value; consider a targeted retention offer.
371,0.7194529,Customer is high risk; prioritize for retention intervention. | Consider offering a suitable longer-term contract incentive. | Consider offering or highlighting an online security service. | Consider offering targeted technical support assistance. | Review pricing and perceived value; consider a targeted retention offer.
372,0.45234287,Customer is medium risk; consider targeted retention engagement. | Consider offering a suitable longer-term contract incentive. | Consider offering or highlighting an online security service.
373,0.43243733,Customer is medium risk; consider targeted retention engagement. | Consider offering a suitable longer-term contract incentive. | Consider offering or highlighting an online security service. | Consider offering targeted technical support assistance.
374,0.2257613,Customer is currently low risk; continue regular engagement. | Consider offering or highlighting an online security service. | Consider offering targeted technical support assistance. | Review pricing and perceived value; consider a targeted retention offer.
375,0.123559214,Customer is currently low risk; continue regular engagement. | Consider an early-tenure retention offer or onboarding support. | Consider offering or highlighting an online security service.
376,0.13617827,Customer is currently low risk; continue regular engagement. | Consider offering or highlighting an online security service. | Consider offering targeted technical support assistance.
377,0.4294301,Customer is medium risk; consider targeted retention engagement. | Consider offering a suitable longer-term contract incentive. | Review pricing and perceived value; consider a targeted retention offer.
378,0.17189781,Customer is currently low risk; continue regular engagement. | Consider offering targeted technical support assistance. | Review pricing and perceived value; consider a targeted retention offer.
379,0.041806888,Customer is currently low risk; continue regular engagement. | No specific retention action identified by the current rules.
380,0.10260338,Customer is currently low risk; continue regular engagement. | Consider offering targeted technical support assistance. | Review pricing and perceived value; consider a targeted retention offer.
381,0.61648464,Customer is medium risk; consider targeted retention engagement. | Consider offering a suitable longer-term contract incentive. | Consider an early-tenure retention offer or onboarding support.
382,0.029556142,Customer is currently low risk; continue regular engagement. | No specific retention action identified by the current rules.
383,0.771507,Customer is high risk; prioritize for retention intervention. | Consider offering a suitable longer-term contract incentive. | Consider an early-tenure retention offer or onboarding support. | Consider offering or highlighting an online security service. | Review pricing and perceived value; consider a targeted retention offer.
384,0.38949755,Customer is currently low risk; continue regular engagement. | Consider offering a suitable longer-term contract incentive. | Consider an early-tenure retention offer or onboarding support. | Consider offering or highlighting an online security service.
385,0.3314821,Customer is currently low risk; continue regular engagement. | Consider offering a suitable longer-term contract incentive. | Consider an early-tenure retention offer or onboarding support. | Consider offering or highlighting an online security service. | Consider offering targeted technical support assistance.
386,0.33565626,Customer is currently low risk; continue regular engagement. | Consider offering a suitable longer-term contract incentive. | Consider an early-tenure retention offer or onboarding support. | Consider offering or highlighting an online security service.
387,0.7947284,Customer is high risk; prioritize for retention intervention. | Consider offering a suitable longer-term contract incentive. | Consider an early-tenure retention offer or onboarding support. | Consider offering or highlighting an online security service. | Consider offering targeted technical support assistance. | Review pricing and perceived value; consider a targeted retention offer.
388,0.03792233,Customer is currently low risk; continue regular engagement. | No specific retention action identified by the current rules.
389,0.64458764,Customer is medium risk; consider targeted retention engagement. | Consider offering a suitable longer-term contract incentive. | Consider offering targeted technical support assistance. | Review pricing and perceived value; consider a targeted retention offer.
390,0.052977562,Customer is currently low risk; continue regular engagement. | No specific retention action identified by the current rules.
391,0.066233456,Customer is currently low risk; continue regular engagement. | Consider offering or highlighting an online security service. | Consider offering targeted technical support assistance.
392,0.51568794,Customer is medium risk; consider targeted retention engagement. | Consider offering a suitable longer-term contract incentive. | Review pricing and perceived value; consider a targeted retention offer.
393,0.032719016,Customer is currently low risk; continue regular engagement. | No specific retention action identified by the current rules.
394,0.2762086,Customer is currently low risk; continue regular engagement. | Consider offering a suitable longer-term contract incentive. | Consider offering or highlighting an online security service. | Consider offering targeted technical support assistance.
395,0.10203834,Customer is currently low risk; continue regular engagement. | Consider offering a suitable longer-term contract incentive.
396,0.020166768,Customer is currently low risk; continue regular engagement. | No specific retention action identified by the current rules.
397,0.075484,Customer is currently low risk; continue regular engagement. | Consider offering or highlighting an online security service. | Review pricing and perceived value; consider a targeted retention offer.
398,0.013472324,Customer is currently low risk; continue regular engagement. | No specific retention action identified by the current rules.
399,0.750972,Customer is high risk; prioritize for retention intervention. | Consider offering a suitable longer-term contract incentive. | Consider an early-tenure retention offer or onboarding support. | Consider offering or highlighting an online security service. | Consider offering targeted technical support assistance.
400,0.034787405,Customer is currently low risk; continue regular engagement. | Review pricing and perceived value; consider a targeted retention offer.
401,0.47198775,Customer is medium risk; consider targeted retention engagement. | Consider offering a suitable longer-term contract incentive. | Consider an early-tenure retention offer or onboarding support.
402,0.24284054,Customer is currently low risk; continue regular engagement. | Consider offering a suitable longer-term contract incentive. | Consider offering targeted technical support assistance. | Review pricing and perceived value; consider a targeted retention offer.
403,0.16986245,Customer is currently low risk; continue regular engagement. | Consider an early-tenure retention offer or onboarding support. | Consider offering targeted technical support assistance.
404,0.020035725,Customer is currently low risk; continue regular engagement. | No specific retention action identified by the current rules.
405,0.29488245,Customer is currently low risk; continue regular engagement. | Consider offering a suitable longer-term contract incentive. | Consider offering or highlighting an online security service. | Consider offering targeted technical support assistance.
406,0.036968842,Customer is currently low risk; continue regular engagement. | Consider an early-tenure retention offer or onboarding support.
407,0.4913725,Customer is medium risk; consider targeted retention engagement. | Consider offering a suitable longer-term contract incentive. | Consider offering targeted technical support assistance.
408,0.85091966,Customer is high risk; prioritize for retention intervention. | Consider offering a suitable longer-term contract incentive. | Consider offering or highlighting an online security service. | Consider offering targeted technical support assistance. | Review pricing and perceived value; consider a targeted retention offer.
409,0.026954401,Customer is currently low risk; continue regular engagement. | Consider offering targeted technical support assistance.
410,0.48278713,Customer is medium risk; consider targeted retention engagement. | Consider offering a suitable longer-term contract incentive. | Consider an early-tenure retention offer or onboarding support.
411,0.5956845,Customer is medium risk; consider targeted retention engagement. | Consider offering a suitable longer-term contract incentive. | Consider offering or highlighting an online security service. | Consider offering targeted technical support assistance. | Review pricing and perceived value; consider a targeted retention offer.
412,0.67019576,Customer is medium risk; consider targeted retention engagement. | Consider offering a suitable longer-term contract incentive. | Consider an early-tenure retention offer or onboarding support. | Consider offering or highlighting an online security service. | Consider offering targeted technical support assistance.
413,0.5719614,Customer is medium risk; consider targeted retention engagement. | Consider offering a suitable longer-term contract incentive. | Consider offering or highlighting an online security service. | Consider offering targeted technical support assistance. | Review pricing and perceived value; consider a targeted retention offer.
414,0.059402015,Customer is currently low risk; continue regular engagement. | Consider offering or highlighting an online security service. | Consider offering targeted technical support assistance.
415,0.23339276,Customer is currently low risk; continue regular engagement. | Consider offering a suitable longer-term contract incentive. | Consider an early-tenure retention offer or onboarding support. | Consider offering targeted technical support assistance.
416,0.6412637,Customer is medium risk; consider targeted retention engagement. | Consider offering a suitable longer-term contract incentive. | Consider an early-tenure retention offer or onboarding support.
417,0.84916145,Customer is high risk; prioritize for retention intervention. | Consider offering a suitable longer-term contract incentive. | Consider an early-tenure retention offer or onboarding support. | Consider offering or highlighting an online security service. | Consider offering targeted technical support assistance.
418,0.021773085,Customer is currently low risk; continue regular engagement. | Consider an early-tenure retention offer or onboarding support.
419,0.5126379,Customer is medium risk; consider targeted retention engagement. | Consider offering a suitable longer-term contract incentive. | Consider offering or highlighting an online security service. | Consider offering targeted technical support assistance.
420,0.092121676,Customer is currently low risk; continue regular engagement. | Consider offering targeted technical support assistance.
421,0.0760701,Customer is currently low risk; continue regular engagement. | Consider offering or highlighting an online security service. | Consider offering targeted technical support assistance. | Review pricing and perceived value; consider a targeted retention offer.
422,0.51568204,Customer is medium risk; consider targeted retention engagement. | Consider offering a suitable longer-term contract incentive. | Consider offering or highlighting an online security service. | Consider offering targeted technical support assistance.
423,0.36432797,Customer is currently low risk; continue regular engagement. | Consider offering a suitable longer-term contract incentive. | Consider offering targeted technical support assistance. | Review pricing and perceived value; consider a targeted retention offer.
424,0.011249242,Customer is currently low risk; continue regular engagement. | No specific retention action identified by the current rules.
425,0.5674947,Customer is medium risk; consider targeted retention engagement. | Consider offering a suitable longer-term contract incentive. | Consider an early-tenure retention offer or onboarding support.
426,0.6343874,Customer is medium risk; consider targeted retention engagement. | Consider offering a suitable longer-term contract incentive. | Consider an early-tenure retention offer or onboarding support. | Consider offering or highlighting an online security service.
427,0.7544774,Customer is high risk; prioritize for retention intervention. | Consider offering a suitable longer-term contract incentive. | Consider an early-tenure retention offer or onboarding support. | Consider offering or highlighting an online security service. | Consider offering targeted technical support assistance.
428,0.014726165,Customer is currently low risk; continue regular engagement. | No specific retention action identified by the current rules.
429,0.01237803,Customer is currently low risk; continue regular engagement. | No specific retention action identified by the current rules.
430,0.0271044,Customer is currently low risk; continue regular engagement. | No specific retention action identified by the current rules.
431,0.3426182,Customer is currently low risk; continue regular engagement. | Consider offering targeted technical support assistance. | Review pricing and perceived value; consider a targeted retention offer.
432,0.07967518,Customer is currently low risk; continue regular engagement. | Consider an early-tenure retention offer or onboarding support.
433,0.34457687,Customer is currently low risk; continue regular engagement. | Consider offering or highlighting an online security service. | Consider offering targeted technical support assistance. | Review pricing and perceived value; consider a targeted retention offer.
434,0.12406952,Customer is currently low risk; continue regular engagement. | Consider offering a suitable longer-term contract incentive. | Consider offering targeted technical support assistance.
435,0.8723039,Customer is high risk; prioritize for retention intervention. | Consider offering a suitable longer-term contract incentive. | Consider an early-tenure retention offer or onboarding support. | Consider offering or highlighting an online security service. | Consider offering targeted technical support assistance. | Review pricing and perceived value; consider a targeted retention offer.
436,0.08812741,Customer is currently low risk; continue regular engagement. | No specific retention action identified by the current rules.
437,0.03716899,Customer is currently low risk; continue regular engagement. | Consider offering or highlighting an online security service. | Consider offering targeted technical support assistance.
438,0.12896149,Customer is currently low risk; continue regular engagement. | Consider offering a suitable longer-term contract incentive. | Consider offering targeted technical support assistance.
439,0.19528401,Customer is currently low risk; continue regular engagement. | Consider offering a suitable longer-term contract incentive.
440,0.24862714,Customer is currently low risk; continue regular engagement. | Consider offering targeted technical support assistance. | Review pricing and perceived value; consider a targeted retention offer.
441,0.6068013,Customer is medium risk; consider targeted retention engagement. | Consider offering a suitable longer-term contract incentive. | Consider offering or highlighting an online security service. | Consider offering targeted technical support assistance.
442,0.08945035,Customer is currently low risk; continue regular engagement. | Consider offering or highlighting an online security service. | Consider offering targeted technical support assistance.
443,0.29830965,Customer is currently low risk; continue regular engagement. | Consider offering targeted technical support assistance. | Review pricing and perceived value; consider a targeted retention offer.
444,0.3450754,Customer is currently low risk; continue regular engagement. | Consider offering a suitable longer-term contract incentive. | Consider an early-tenure retention offer or onboarding support.
445,0.37883285,Customer is currently low risk; continue regular engagement. | Consider offering or highlighting an online security service. | Review pricing and perceived value; consider a targeted retention offer.
446,0.02028031,Customer is currently low risk; continue regular engagement. | No specific retention action identified by the current rules.
447,0.056901906,Customer is currently low risk; continue regular engagement. | No specific retention action identified by the current rules.
448,0.5998903,Customer is medium risk; consider targeted retention engagement. | Consider offering a suitable longer-term contract incentive. | Consider an early-tenure retention offer or onboarding support. | Consider offering or highlighting an online security service. | Consider offering targeted technical support assistance.
449,0.55089366,Customer is medium risk; consider targeted retention engagement. | Consider offering a suitable longer-term contract incentive. | Consider an early-tenure retention offer or onboarding support. | Consider offering or highlighting an online security service. | Consider offering targeted technical support assistance. | Review pricing and perceived value; consider a targeted retention offer.
450,0.6792048,Customer is medium risk; consider targeted retention engagement. | Consider offering a suitable longer-term contract incentive. | Consider offering or highlighting an online security service. | Review pricing and perceived value; consider a targeted retention offer.
451,0.1288665,Customer is currently low risk; continue regular engagement. | Consider offering a suitable longer-term contract incentive.
452,0.12387753,Customer is currently low risk; continue regular engagement. | Consider offering or highlighting an online security service. | Review pricing and perceived value; consider a targeted retention offer.
453,0.2503375,Customer is currently low risk; continue regular engagement. | Consider offering a suitable longer-term contract incentive. | Consider an early-tenure retention offer or onboarding support.
454,0.8896259,Customer is high risk; prioritize for retention intervention. | Consider offering a suitable longer-term contract incentive. | Consider an early-tenure retention offer or onboarding support. | Consider offering or highlighting an online security service. | Consider offering targeted technical support assistance. | Review pricing and perceived value; consider a targeted retention offer.
455,0.005326427,Customer is currently low risk; continue regular engagement. | No specific retention action identified by the current rules.
456,0.32020548,Customer is currently low risk; continue regular engagement. | Consider offering a suitable longer-term contract incentive. | Consider offering targeted technical support assistance. | Review pricing and perceived value; consider a targeted retention offer.
457,0.0096755745,Customer is currently low risk; continue regular engagement. | No specific retention action identified by the current rules.
458,0.016102247,Customer is currently low risk; continue regular engagement. | No specific retention action identified by the current rules.
459,0.30376187,Customer is currently low risk; continue regular engagement. | Consider an early-tenure retention offer or onboarding support. | Consider offering or highlighting an online security service. | Consider offering targeted technical support assistance.
460,0.030567763,Customer is currently low risk; continue regular engagement. | No specific retention action identified by the current rules.
461,0.20279907,Customer is currently low risk; continue regular engagement. | Consider offering targeted technical support assistance. | Review pricing and perceived value; consider a targeted retention offer.
462,0.33923656,Customer is currently low risk; continue regular engagement. | Consider offering or highlighting an online security service. | Review pricing and perceived value; consider a targeted retention offer.
463,0.012963508,Customer is currently low risk; continue regular engagement. | Review pricing and perceived value; consider a targeted retention offer.
464,0.009775786,Customer is currently low risk; continue regular engagement. | Review pricing and perceived value; consider a targeted retention offer.
465,0.09195716,Customer is currently low risk; continue regular engagement. | Consider offering or highlighting an online security service.
466,0.043432906,Customer is currently low risk; continue regular engagement. | Consider offering targeted technical support assistance.
467,0.49815392,Customer is medium risk; consider targeted retention engagement. | Consider offering a suitable longer-term contract incentive. | Consider an early-tenure retention offer or onboarding support. | Consider offering or highlighting an online security service. | Consider offering targeted technical support assistance.
468,0.22659335,Customer is currently low risk; continue regular engagement. | Consider offering a suitable longer-term contract incentive.
469,0.027414344,Customer is currently low risk; continue regular engagement. | Consider offering or highlighting an online security service. | Review pricing and perceived value; consider a targeted retention offer.
470,0.2302843,Customer is currently low risk; continue regular engagement. | Consider offering a suitable longer-term contract incentive. | Consider an early-tenure retention offer or onboarding support. | Consider offering targeted technical support assistance.
471,0.16073765,Customer is currently low risk; continue regular engagement. | Consider offering a suitable longer-term contract incentive. | Consider offering or highlighting an online security service. | Consider offering targeted technical support assistance.
472,0.08094136,Customer is currently low risk; continue regular engagement. | Consider offering or highlighting an online security service. | Review pricing and perceived value; consider a targeted retention offer.
473,0.13415655,Customer is currently low risk; continue regular engagement. | Review pricing and perceived value; consider a targeted retention offer.
474,0.11624307,Customer is currently low risk; continue regular engagement. | Consider offering or highlighting an online security service. | Consider offering targeted technical support assistance.
475,0.004680394,Customer is currently low risk; continue regular engagement. | No specific retention action identified by the current rules.
476,0.30784777,Customer is currently low risk; continue regular engagement. | Consider offering a suitable longer-term contract incentive. | Consider offering or highlighting an online security service. | Review pricing and perceived value; consider a targeted retention offer.
477,0.41885456,Customer is medium risk; consider targeted retention engagement. | Consider offering a suitable longer-term contract incentive. | Consider an early-tenure retention offer or onboarding support. | Consider offering targeted technical support assistance.
478,0.5869414,Customer is medium risk; consider targeted retention engagement. | Consider offering a suitable longer-term contract incentive. | Consider offering or highlighting an online security service. | Consider offering targeted technical support assistance. | Review pricing and perceived value; consider a targeted retention offer.
479,0.5962929,Customer is medium risk; consider targeted retention engagement. | Consider offering a suitable longer-term contract incentive. | Consider offering or highlighting an online security service. | Consider offering targeted technical support assistance.
480,0.72516465,Customer is high risk; prioritize for retention intervention. | Consider offering a suitable longer-term contract incentive. | Consider an early-tenure retention offer or onboarding support. | Consider offering or highlighting an online security service. | Consider offering targeted technical support assistance.
481,0.69315475,Customer is medium risk; consider targeted retention engagement. | Consider offering a suitable longer-term contract incentive. | Consider an early-tenure retention offer or onboarding support. | Consider offering or highlighting an online security service. | Consider offering targeted technical support assistance.
482,0.005468888,Customer is currently low risk; continue regular engagement. | No specific retention action identified by the current rules.
483,0.2187991,Customer is currently low risk; continue regular engagement. | Consider offering a suitable longer-term contract incentive. | Consider an early-tenure retention offer or onboarding support.
484,0.7427927,Customer is high risk; prioritize for retention intervention. | Consider offering a suitable longer-term contract incentive. | Consider an early-tenure retention offer or onboarding support. | Consider offering or highlighting an online security service. | Review pricing and perceived value; consider a targeted retention offer.
485,0.031333502,Customer is currently low risk; continue regular engagement. | No specific retention action identified by the current rules.
486,0.014315443,Customer is currently low risk; continue regular engagement. | No specific retention action identified by the current rules.
487,0.01525908,Customer is currently low risk; continue regular engagement. | No specific retention action identified by the current rules.
488,0.84740466,Customer is high risk; prioritize for retention intervention. | Consider offering a suitable longer-term contract incentive. | Consider an early-tenure retention offer or onboarding support. | Consider offering or highlighting an online security service. | Consider offering targeted technical support assistance. | Review pricing and perceived value; consider a targeted retention offer.
489,0.27770495,Customer is currently low risk; continue regular engagement. | Consider offering a suitable longer-term contract incentive. | Consider offering or highlighting an online security service. | Review pricing and perceived value; consider a targeted retention offer.
490,0.48178747,Customer is medium risk; consider targeted retention engagement. | Consider offering a suitable longer-term contract incentive. | Consider offering or highlighting an online security service. | Consider offering targeted technical support assistance. | Review pricing and perceived value; consider a targeted retention offer.
491,0.7877619,Customer is high risk; prioritize for retention intervention. | Consider offering a suitable longer-term contract incentive. | Consider an early-tenure retention offer or onboarding support. | Consider offering or highlighting an online security service. | Consider offering targeted technical support assistance.
492,0.22342934,Customer is currently low risk; continue regular engagement. | Consider offering or highlighting an online security service. | Review pricing and perceived value; consider a targeted retention offer.
493,0.68667495,Customer is medium risk; consider targeted retention engagement. | Consider offering a suitable longer-term contract incentive. | Consider an early-tenure retention offer or onboarding support. | Consider offering or highlighting an online security service. | Consider offering targeted technical support assistance.
494,0.013034132,Customer is currently low risk; continue regular engagement. | No specific retention action identified by the current rules.
495,0.7245678,Customer is high risk; prioritize for retention intervention. | Consider offering a suitable longer-term contract incentive. | Consider an early-tenure retention offer or onboarding support. | Consider offering or highlighting an online security service. | Review pricing and perceived value; consider a targeted retention offer.
496,0.21903162,Customer is currently low risk; continue regular engagement. | Consider offering or highlighting an online security service. | Consider offering targeted technical support assistance. | Review pricing and perceived value; consider a targeted retention offer.
497,0.3619906,Customer is currently low risk; continue regular engagement. | Consider offering a suitable longer-term contract incentive. | Consider offering or highlighting an online security service. | Consider offering targeted technical support assistance.
498,0.027234888,Customer is currently low risk; continue regular engagement. | No specific retention action identified by the current rules.
499,0.72229385,Customer is high risk; prioritize for retention intervention. | Consider offering a suitable longer-term contract incentive. | Consider offering or highlighting an online security service. | Consider offering targeted technical support assistance. | Review pricing and perceived value; consider a targeted retention offer.
500,0.021320483,Customer is currently low risk; continue regular engagement. | No specific retention action identified by the current rules.
501,0.30063722,Customer is currently low risk; continue regular engagement. | Consider offering a suitable longer-term contract incentive. | Review pricing and perceived value; consider a targeted retention offer.
502,0.6147857,Customer is medium risk; consider targeted retention engagement. | Consider offering a suitable longer-term contract incentive. | Consider an early-tenure retention offer or onboarding support. | Consider offering or highlighting an online security service. | Consider offering targeted technical support assistance.
503,0.0050189253,Customer is currently low risk; continue regular engagement. | No specific retention action identified by the current rules.
504,0.08544556,Customer is currently low risk; continue regular engagement. | Consider offering targeted technical support assistance.
505,0.01581952,Customer is currently low risk; continue regular engagement. | No specific retention action identified by the current rules.
506,0.14177664,Customer is currently low risk; continue regular engagement. | Consider offering a suitable longer-term contract incentive. | Consider offering or highlighting an online security service. | Consider offering targeted technical support assistance. | Review pricing and perceived value; consider a targeted retention offer.
507,0.016099777,Customer is currently low risk; continue regular engagement. | No specific retention action identified by the current rules.
508,0.36483055,Customer is currently low risk; continue regular engagement. | Consider offering a suitable longer-term contract incentive. | Consider an early-tenure retention offer or onboarding support. | Consider offering or highlighting an online security service. | Consider offering targeted technical support assistance.
509,0.018490616,Customer is currently low risk; continue regular engagement. | No specific retention action identified by the current rules.
510,0.9157935,Customer is high risk; prioritize for retention intervention. | Consider offering a suitable longer-term contract incentive. | Consider an early-tenure retention offer or onboarding support. | Consider offering or highlighting an online security service. | Consider offering targeted technical support assistance. | Review pricing and perceived value; consider a targeted retention offer.
511,0.13563876,Customer is currently low risk; continue regular engagement. | Review pricing and perceived value; consider a targeted retention offer.
512,0.05975892,Customer is currently low risk; continue regular engagement. | Consider offering targeted technical support assistance. | Review pricing and perceived value; consider a targeted retention offer.
513,0.063204005,Customer is currently low risk; continue regular engagement. | Consider offering or highlighting an online security service. | Review pricing and perceived value; consider a targeted retention offer.
514,0.4528756,Customer is medium risk; consider targeted retention engagement. | Consider an early-tenure retention offer or onboarding support. | Consider offering or highlighting an online security service. | Review pricing and perceived value; consider a targeted retention offer.
515,0.16123654,Customer is currently low risk; continue regular engagement. | Consider offering or highlighting an online security service.
516,0.047305632,Customer is currently low risk; continue regular engagement. | Review pricing and perceived value; consider a targeted retention offer.
517,0.23832518,Customer is currently low risk; continue regular engagement. | Consider offering a suitable longer-term contract incentive. | Consider offering targeted technical support assistance.
518,0.57850516,Customer is medium risk; consider targeted retention engagement. | Consider offering a suitable longer-term contract incentive. | Consider an early-tenure retention offer or onboarding support. | Consider offering or highlighting an online security service. | Consider offering targeted technical support assistance.
519,0.1449901,Customer is currently low risk; continue regular engagement. | Consider offering or highlighting an online security service. | Review pricing and perceived value; consider a targeted retention offer.
520,0.19801764,Customer is currently low risk; continue regular engagement. | Consider offering a suitable longer-term contract incentive.
521,0.291159,Customer is currently low risk; continue regular engagement. | Consider offering or highlighting an online security service. | Consider offering targeted technical support assistance. | Review pricing and perceived value; consider a targeted retention offer.
522,0.1865316,Customer is currently low risk; continue regular engagement. | Consider offering or highlighting an online security service. | Review pricing and perceived value; consider a targeted retention offer.
523,0.5610087,Customer is medium risk; consider targeted retention engagement. | Consider offering a suitable longer-term contract incentive. | Consider offering or highlighting an online security service. | Consider offering targeted technical support assistance. | Review pricing and perceived value; consider a targeted retention offer.
524,0.13688736,Customer is currently low risk; continue regular engagement. | Consider offering a suitable longer-term contract incentive.
525,0.4291411,Customer is medium risk; consider targeted retention engagement. | Consider offering a suitable longer-term contract incentive. | Consider offering or highlighting an online security service. | Consider offering targeted technical support assistance. | Review pricing and perceived value; consider a targeted retention offer.
526,0.35835293,Customer is currently low risk; continue regular engagement. | Review pricing and perceived value; consider a targeted retention offer.
527,0.49333784,Customer is medium risk; consider targeted retention engagement. | Consider offering a suitable longer-term contract incentive. | Consider an early-tenure retention offer or onboarding support.
528,0.25847682,Customer is currently low risk; continue regular engagement. | Consider offering a suitable longer-term contract incentive. | Consider offering or highlighting an online security service. | Consider offering targeted technical support assistance.
529,0.015179508,Customer is currently low risk; continue regular engagement. | No specific retention action identified by the current rules.
530,0.64067745,Customer is medium risk; consider targeted retention engagement. | Consider offering a suitable longer-term contract incentive. | Consider offering or highlighting an online security service. | Consider offering targeted technical support assistance. | Review pricing and perceived value; consider a targeted retention offer.
531,0.035406098,Customer is currently low risk; continue regular engagement. | Consider an early-tenure retention offer or onboarding support.
532,0.35005304,Customer is currently low risk; continue regular engagement. | Consider offering or highlighting an online security service. | Consider offering targeted technical support assistance. | Review pricing and perceived value; consider a targeted retention offer.
533,0.79476124,Customer is high risk; prioritize for retention intervention. | Consider offering a suitable longer-term contract incentive. | Consider an early-tenure retention offer or onboarding support. | Consider offering or highlighting an online security service. | Review pricing and perceived value; consider a targeted retention offer.
534,0.09345026,Customer is currently low risk; continue regular engagement. | Consider offering or highlighting an online security service. | Review pricing and perceived value; consider a targeted retention offer.
535,0.2046907,Customer is currently low risk; continue regular engagement. | Consider offering a suitable longer-term contract incentive. | Consider offering targeted technical support assistance. | Review pricing and perceived value; consider a targeted retention offer.
536,0.14801909,Customer is currently low risk; continue regular engagement. | Consider offering a suitable longer-term contract incentive. | Consider an early-tenure retention offer or onboarding support. | Consider offering or highlighting an online security service.
537,0.014796525,Customer is currently low risk; continue regular engagement. | No specific retention action identified by the current rules.
538,0.65494907,Customer is medium risk; consider targeted retention engagement. | Consider offering a suitable longer-term contract incentive. | Consider an early-tenure retention offer or onboarding support. | Consider offering or highlighting an online security service. | Consider offering targeted technical support assistance.
539,0.26420343,Customer is currently low risk; continue regular engagement. | Consider offering a suitable longer-term contract incentive. | Consider offering targeted technical support assistance.
540,0.43285385,Customer is medium risk; consider targeted retention engagement. | Consider offering a suitable longer-term contract incentive. | Consider offering or highlighting an online security service. | Consider offering targeted technical support assistance.
541,0.19377433,Customer is currently low risk; continue regular engagement. | Consider offering or highlighting an online security service. | Review pricing and perceived value; consider a targeted retention offer.
542,0.83623075,Customer is high risk; prioritize for retention intervention. | Consider offering a suitable longer-term contract incentive. | Consider an early-tenure retention offer or onboarding support. | Consider offering or highlighting an online security service. | Consider offering targeted technical support assistance. | Review pricing and perceived value; consider a targeted retention offer.
543,0.0825192,Customer is currently low risk; continue regular engagement. | Consider offering a suitable longer-term contract incentive. | Consider offering targeted technical support assistance.
544,0.7405337,Customer is high risk; prioritize for retention intervention. | Consider offering a suitable longer-term contract incentive. | Consider an early-tenure retention offer or onboarding support. | Consider offering or highlighting an online security service. | Consider offering targeted technical support assistance.
545,0.117244326,Customer is currently low risk; continue regular engagement. | Consider offering a suitable longer-term contract incentive. | Consider an early-tenure retention offer or onboarding support.
546,0.051517937,Customer is currently low risk; continue regular engagement. | Consider offering targeted technical support assistance.
547,0.078034565,Customer is currently low risk; continue regular engagement. | Consider offering or highlighting an online security service. | Consider offering targeted technical support assistance.
548,0.72082937,Customer is high risk; prioritize for retention intervention. | Consider offering a suitable longer-term contract incentive. | Consider an early-tenure retention offer or onboarding support. | Consider offering or highlighting an online security service. | Consider offering targeted technical support assistance.
549,0.007119066,Customer is currently low risk; continue regular engagement. | No specific retention action identified by the current rules.
550,0.17645979,Customer is currently low risk; continue regular engagement. | Consider offering a suitable longer-term contract incentive. | Consider an early-tenure retention offer or onboarding support.
551,0.019741608,Customer is currently low risk; continue regular engagement. | No specific retention action identified by the current rules.
552,0.4596149,Customer is medium risk; consider targeted retention engagement. | Consider offering a suitable longer-term contract incentive. | Consider offering or highlighting an online security service. | Consider offering targeted technical support assistance. | Review pricing and perceived value; consider a targeted retention offer.
553,0.13390958,Customer is currently low risk; continue regular engagement. | Consider offering a suitable longer-term contract incentive. | Consider offering targeted technical support assistance.
554,0.011967044,Customer is currently low risk; continue regular engagement. | No specific retention action identified by the current rules.
555,0.81715244,Customer is high risk; prioritize for retention intervention. | Consider offering a suitable longer-term contract incentive. | Consider an early-tenure retention offer or onboarding support. | Consider offering or highlighting an online security service. | Consider offering targeted technical support assistance.
556,0.7283805,Customer is high risk; prioritize for retention intervention. | Consider offering a suitable longer-term contract incentive. | Consider an early-tenure retention offer or onboarding support. | Consider offering or highlighting an online security service. | Review pricing and perceived value; consider a targeted retention offer.
557,0.5744757,Customer is medium risk; consider targeted retention engagement. | Consider offering a suitable longer-term contract incentive. | Consider an early-tenure retention offer or onboarding support. | Consider offering targeted technical support assistance.
558,0.11746932,Customer is currently low risk; continue regular engagement. | Consider offering a suitable longer-term contract incentive. | Review pricing and perceived value; consider a targeted retention offer.
559,0.67059827,Customer is medium risk; consider targeted retention engagement. | Consider offering a suitable longer-term contract incentive. | Consider offering or highlighting an online security service. | Consider offering targeted technical support assistance. | Review pricing and perceived value; consider a targeted retention offer.
560,0.14136519,Customer is currently low risk; continue regular engagement. | Review pricing and perceived value; consider a targeted retention offer.
561,0.30705893,Customer is currently low risk; continue regular engagement. | Consider offering a suitable longer-term contract incentive. | Consider an early-tenure retention offer or onboarding support. | Consider offering targeted technical support assistance.
562,0.51043683,Customer is medium risk; consider targeted retention engagement. | Consider offering or highlighting an online security service. | Consider offering targeted technical support assistance. | Review pricing and perceived value; consider a targeted retention offer.
563,0.09430209,Customer is currently low risk; continue regular engagement. | Review pricing and perceived value; consider a targeted retention offer.
564,0.12962888,Customer is currently low risk; continue regular engagement. | Consider offering targeted technical support assistance.
565,0.6148984,Customer is medium risk; consider targeted retention engagement. | Consider offering a suitable longer-term contract incentive. | Consider offering or highlighting an online security service. | Consider offering targeted technical support assistance. | Review pricing and perceived value; consider a targeted retention offer.
566,0.77474195,Customer is high risk; prioritize for retention intervention. | Consider offering a suitable longer-term contract incentive. | Consider an early-tenure retention offer or onboarding support. | Consider offering or highlighting an online security service. | Consider offering targeted technical support assistance.
567,0.8208514,Customer is high risk; prioritize for retention intervention. | Consider offering a suitable longer-term contract incentive. | Consider an early-tenure retention offer or onboarding support. | Consider offering or highlighting an online security service. | Consider offering targeted technical support assistance.
568,0.87189287,Customer is high risk; prioritize for retention intervention. | Consider offering a suitable longer-term contract incentive. | Consider offering or highlighting an online security service. | Consider offering targeted technical support assistance. | Review pricing and perceived value; consider a targeted retention offer.
569,0.53049,Customer is medium risk; consider targeted retention engagement. | Consider offering a suitable longer-term contract incentive. | Consider offering or highlighting an online security service. | Consider offering targeted technical support assistance.
570,0.02348085,Customer is currently low risk; continue regular engagement. | No specific retention action identified by the current rules.
571,0.5304296,Customer is medium risk; consider targeted retention engagement. | Consider offering a suitable longer-term contract incentive. | Consider an early-tenure retention offer or onboarding support. | Consider offering targeted technical support assistance.
572,0.6948449,Customer is medium risk; consider targeted retention engagement. | Consider offering a suitable longer-term contract incentive. | Consider an early-tenure retention offer or onboarding support. | Consider offering or highlighting an online security service. | Consider offering targeted technical support assistance. | Review pricing and perceived value; consider a targeted retention offer.
573,0.7304277,Customer is high risk; prioritize for retention intervention. | Consider offering a suitable longer-term contract incentive. | Consider an early-tenure retention offer or onboarding support. | Consider offering or highlighting an online security service. | Consider offering targeted technical support assistance.
574,0.016634248,Customer is currently low risk; continue regular engagement. | No specific retention action identified by the current rules.
575,0.623511,Customer is medium risk; consider targeted retention engagement. | Consider offering a suitable longer-term contract incentive. | Consider an early-tenure retention offer or onboarding support.
576,0.39012042,Customer is currently low risk; continue regular engagement. | Consider offering a suitable longer-term contract incentive. | Consider offering or highlighting an online security service. | Review pricing and perceived value; consider a targeted retention offer.
577,0.11987811,Customer is currently low risk; continue regular engagement. | Consider offering a suitable longer-term contract incentive. | Consider offering or highlighting an online security service.
578,0.023076868,Customer is currently low risk; continue regular engagement. | No specific retention action identified by the current rules.
579,0.047207367,Customer is currently low risk; continue regular engagement. | Consider offering or highlighting an online security service.
580,0.025976926,Customer is currently low risk; continue regular engagement. | No specific retention action identified by the current rules.
581,0.7359809,Customer is high risk; prioritize for retention intervention. | Consider offering a suitable longer-term contract incentive. | Consider offering or highlighting an online security service. | Consider offering targeted technical support assistance. | Review pricing and perceived value; consider a targeted retention offer.
582,0.012888906,Customer is currently low risk; continue regular engagement. | No specific retention action identified by the current rules.
583,0.010630978,Customer is currently low risk; continue regular engagement. | No specific retention action identified by the current rules.
584,0.06593658,Customer is currently low risk; continue regular engagement. | Consider offering or highlighting an online security service. | Consider offering targeted technical support assistance.
585,0.042384993,Customer is currently low risk; continue regular engagement. | Consider offering or highlighting an online security service. | Consider offering targeted technical support assistance.
586,0.875439,Customer is high risk; prioritize for retention intervention. | Consider offering a suitable longer-term contract incentive. | Consider an early-tenure retention offer or onboarding support. | Consider offering or highlighting an online security service. | Consider offering targeted technical support assistance.
587,0.06700848,Customer is currently low risk; continue regular engagement. | Consider offering a suitable longer-term contract incentive. | Consider offering or highlighting an online security service. | Review pricing and perceived value; consider a targeted retention offer.
588,0.031390846,Customer is currently low risk; continue regular engagement. | Consider an early-tenure retention offer or onboarding support.
589,0.45279673,Customer is medium risk; consider targeted retention engagement. | Consider offering a suitable longer-term contract incentive. | Consider offering or highlighting an online security service. | Consider offering targeted technical support assistance. | Review pricing and perceived value; consider a targeted retention offer.
590,0.2126466,Customer is currently low risk; continue regular engagement. | Consider offering a suitable longer-term contract incentive. | Consider offering or highlighting an online security service.
591,0.44253927,Customer is medium risk; consider targeted retention engagement. | Consider offering a suitable longer-term contract incentive. | Consider offering or highlighting an online security service. | Consider offering targeted technical support assistance.
592,0.2645532,Customer is currently low risk; continue regular engagement. | Consider offering or highlighting an online security service. | Review pricing and perceived value; consider a targeted retention offer.
593,0.7474249,Customer is high risk; prioritize for retention intervention. | Consider offering a suitable longer-term contract incentive. | Consider an early-tenure retention offer or onboarding support. | Consider offering or highlighting an online security service. | Consider offering targeted technical support assistance. | Review pricing and perceived value; consider a targeted retention offer.
594,0.88852566,Customer is high risk; prioritize for retention intervention. | Consider offering a suitable longer-term contract incentive. | Consider an early-tenure retention offer or onboarding support. | Consider offering or highlighting an online security service. | Consider offering targeted technical support assistance.
595,0.12958963,Customer is currently low risk; continue regular engagement. | Review pricing and perceived value; consider a targeted retention offer.
596,0.021564798,Customer is currently low risk; continue regular engagement. | No specific retention action identified by the current rules.
597,0.014845617,Customer is currently low risk; continue regular engagement. | No specific retention action identified by the current rules.
598,0.32539633,Customer is currently low risk; continue regular engagement. | Consider offering a suitable longer-term contract incentive. | Consider offering or highlighting an online security service. | Consider offering targeted technical support assistance.
599,0.017819414,Customer is currently low risk; continue regular engagement. | Consider an early-tenure retention offer or onboarding support.
600,0.25645995,Customer is currently low risk; continue regular engagement. | Consider offering a suitable longer-term contract incentive. | Consider an early-tenure retention offer or onboarding support.
601,0.7996944,Customer is high risk; prioritize for retention intervention. | Consider offering a suitable longer-term contract incentive. | Consider offering or highlighting an online security service. | Review pricing and perceived value; consider a targeted retention offer.
602,0.010679677,Customer is currently low risk; continue regular engagement. | No specific retention action identified by the current rules.
603,0.8225385,Customer is high risk; prioritize for retention intervention. | Consider offering a suitable longer-term contract incentive. | Consider offering or highlighting an online security service. | Consider offering targeted technical support assistance. | Review pricing and perceived value; consider a targeted retention offer.
604,0.85251725,Customer is high risk; prioritize for retention intervention. | Consider offering a suitable longer-term contract incentive. | Consider an early-tenure retention offer or onboarding support. | Consider offering or highlighting an online security service. | Consider offering targeted technical support assistance. | Review pricing and perceived value; consider a targeted retention offer.
605,0.025658574,Customer is currently low risk; continue regular engagement. | No specific retention action identified by the current rules.
606,0.11477439,Customer is currently low risk; continue regular engagement. | Consider offering a suitable longer-term contract incentive. | Consider offering targeted technical support assistance.
607,0.25468603,Customer is currently low risk; continue regular engagement. | Consider offering a suitable longer-term contract incentive. | Review pricing and perceived value; consider a targeted retention offer.
608,0.19459979,Customer is currently low risk; continue regular engagement. | Consider offering a suitable longer-term contract incentive. | Consider an early-tenure retention offer or onboarding support.
609,0.023974417,Customer is currently low risk; continue regular engagement. | No specific retention action identified by the current rules.
610,0.021321405,Customer is currently low risk; continue regular engagement. | No specific retention action identified by the current rules.
611,0.23236832,Customer is currently low risk; continue regular engagement. | Consider offering a suitable longer-term contract incentive. | Consider an early-tenure retention offer or onboarding support.
612,0.15960513,Customer is currently low risk; continue regular engagement. | Consider offering or highlighting an online security service. | Review pricing and perceived value; consider a targeted retention offer.
613,0.42286354,Customer is medium risk; consider targeted retention engagement. | Consider offering or highlighting an online security service. | Consider offering targeted technical support assistance. | Review pricing and perceived value; consider a targeted retention offer.
614,0.10911684,Customer is currently low risk; continue regular engagement. | Consider offering a suitable longer-term contract incentive. | Consider offering or highlighting an online security service. | Consider offering targeted technical support assistance.
615,0.14947705,Customer is currently low risk; continue regular engagement. | Consider offering a suitable longer-term contract incentive. | Consider offering targeted technical support assistance.
616,0.009416756,Customer is currently low risk; continue regular engagement. | Review pricing and perceived value; consider a targeted retention offer.
617,0.018832166,Customer is currently low risk; continue regular engagement. | Consider offering or highlighting an online security service. | Review pricing and perceived value; consider a targeted retention offer.
618,0.93471634,Customer is high risk; prioritize for retention intervention. | Consider offering a suitable longer-term contract incentive. | Consider an early-tenure retention offer or onboarding support. | Consider offering or highlighting an online security service. | Consider offering targeted technical support assistance.
619,0.6412637,Customer is medium risk; consider targeted retention engagement. | Consider offering a suitable longer-term contract incentive. | Consider an early-tenure retention offer or onboarding support.
620,0.11946069,Customer is currently low risk; continue regular engagement. | Consider offering a suitable longer-term contract incentive.
621,0.8902741,Customer is high risk; prioritize for retention intervention. | Consider offering a suitable longer-term contract incentive. | Consider an early-tenure retention offer or onboarding support. | Consider offering or highlighting an online security service. | Consider offering targeted technical support assistance. | Review pricing and perceived value; consider a targeted retention offer.
622,0.72042656,Customer is high risk; prioritize for retention intervention. | Consider offering a suitable longer-term contract incentive. | Consider offering or highlighting an online security service. | Consider offering targeted technical support assistance. | Review pricing and perceived value; consider a targeted retention offer.
623,0.005110666,Customer is currently low risk; continue regular engagement. | No specific retention action identified by the current rules.
624,0.015306578,Customer is currently low risk; continue regular engagement. | No specific retention action identified by the current rules.
625,0.27346846,Customer is currently low risk; continue regular engagement. | Consider offering a suitable longer-term contract incentive. | Consider an early-tenure retention offer or onboarding support.
626,0.011772916,Customer is currently low risk; continue regular engagement. | No specific retention action identified by the current rules.
627,0.9324083,Customer is high risk; prioritize for retention intervention. | Consider offering a suitable longer-term contract incentive. | Consider an early-tenure retention offer or onboarding support. | Consider offering or highlighting an online security service. | Consider offering targeted technical support assistance. | Review pricing and perceived value; consider a targeted retention offer.
628,0.62461215,Customer is medium risk; consider targeted retention engagement. | Consider offering a suitable longer-term contract incentive. | Consider offering or highlighting an online security service. | Consider offering targeted technical support assistance. | Review pricing and perceived value; consider a targeted retention offer.
629,0.9115398,Customer is high risk; prioritize for retention intervention. | Consider offering a suitable longer-term contract incentive. | Consider an early-tenure retention offer or onboarding support. | Consider offering or highlighting an online security service. | Consider offering targeted technical support assistance.
630,0.920195,Customer is high risk; prioritize for retention intervention. | Consider offering a suitable longer-term contract incentive. | Consider an early-tenure retention offer or onboarding support. | Consider offering or highlighting an online security service. | Consider offering targeted technical support assistance. | Review pricing and perceived value; consider a targeted retention offer.
631,0.083268784,Customer is currently low risk; continue regular engagement. | Consider offering a suitable longer-term contract incentive.
632,0.47570258,Customer is medium risk; consider targeted retention engagement. | Consider offering a suitable longer-term contract incentive. | Consider offering or highlighting an online security service. | Review pricing and perceived value; consider a targeted retention offer.
633,0.0413543,Customer is currently low risk; continue regular engagement. | No specific retention action identified by the current rules.
634,0.80531347,Customer is high risk; prioritize for retention intervention. | Consider offering a suitable longer-term contract incentive. | Consider offering or highlighting an online security service. | Consider offering targeted technical support assistance. | Review pricing and perceived value; consider a targeted retention offer.
635,0.20121634,Customer is currently low risk; continue regular engagement. | Consider offering a suitable longer-term contract incentive. | Consider offering or highlighting an online security service. | Consider offering targeted technical support assistance.
636,0.03728522,Customer is currently low risk; continue regular engagement. | Consider an early-tenure retention offer or onboarding support.
637,0.03228205,Customer is currently low risk; continue regular engagement. | Consider an early-tenure retention offer or onboarding support.
638,0.15855785,Customer is currently low risk; continue regular engagement. | Consider offering a suitable longer-term contract incentive.
639,0.34245396,Customer is currently low risk; continue regular engagement. | Consider offering a suitable longer-term contract incentive. | Consider an early-tenure retention offer or onboarding support.
640,0.0121857785,Customer is currently low risk; continue regular engagement. | No specific retention action identified by the current rules.
641,0.8050576,Customer is high risk; prioritize for retention intervention. | Consider offering a suitable longer-term contract incentive. | Consider offering or highlighting an online security service. | Consider offering targeted technical support assistance.
642,0.05581083,Customer is currently low risk; continue regular engagement. | Review pricing and perceived value; consider a targeted retention offer.
643,0.05127657,Customer is currently low risk; continue regular engagement. | Consider offering or highlighting an online security service. | Review pricing and perceived value; consider a targeted retention offer.
644,0.013290004,Customer is currently low risk; continue regular engagement. | No specific retention action identified by the current rules.
645,0.3204573,Customer is currently low risk; continue regular engagement. | Consider offering a suitable longer-term contract incentive. | Consider offering or highlighting an online security service. | Consider offering targeted technical support assistance. | Review pricing and perceived value; consider a targeted retention offer.
646,0.27355516,Customer is currently low risk; continue regular engagement. | Consider offering or highlighting an online security service. | Consider offering targeted technical support assistance. | Review pricing and perceived value; consider a targeted retention offer.
647,0.93706137,Customer is high risk; prioritize for retention intervention. | Consider offering a suitable longer-term contract incentive. | Consider an early-tenure retention offer or onboarding support. | Consider offering or highlighting an online security service. | Consider offering targeted technical support assistance. | Review pricing and perceived value; consider a targeted retention offer.
648,0.81428194,Customer is high risk; prioritize for retention intervention. | Consider offering a suitable longer-term contract incentive. | Consider an early-tenure retention offer or onboarding support. | Consider offering or highlighting an online security service. | Consider offering targeted technical support assistance.
649,0.06459339,Customer is currently low risk; continue regular engagement. | Consider offering a suitable longer-term contract incentive. | Consider an early-tenure retention offer or onboarding support.
650,0.47678617,Customer is medium risk; consider targeted retention engagement. | Consider offering a suitable longer-term contract incentive. | Consider an early-tenure retention offer or onboarding support. | Consider offering or highlighting an online security service. | Consider offering targeted technical support assistance.
651,0.34279388,Customer is currently low risk; continue regular engagement. | Consider offering a suitable longer-term contract incentive. | Consider offering targeted technical support assistance. | Review pricing and perceived value; consider a targeted retention offer.
652,0.15888527,Customer is currently low risk; continue regular engagement. | Consider offering or highlighting an online security service. | Consider offering targeted technical support assistance.
653,0.7400305,Customer is high risk; prioritize for retention intervention. | Consider offering a suitable longer-term contract incentive. | Consider offering or highlighting an online security service. | Consider offering targeted technical support assistance.
654,0.91196054,Customer is high risk; prioritize for retention intervention. | Consider offering a suitable longer-term contract incentive. | Consider an early-tenure retention offer or onboarding support. | Consider offering or highlighting an online security service. | Consider offering targeted technical support assistance. | Review pricing and perceived value; consider a targeted retention offer.
655,0.0066170944,Customer is currently low risk; continue regular engagement. | No specific retention action identified by the current rules.
656,0.07463362,Customer is currently low risk; continue regular engagement. | Consider offering or highlighting an online security service. | Review pricing and perceived value; consider a targeted retention offer.
657,0.2685632,Customer is currently low risk; continue regular engagement. | Consider offering a suitable longer-term contract incentive. | Consider an early-tenure retention offer or onboarding support.
658,0.50759107,Customer is medium risk; consider targeted retention engagement. | Consider offering a suitable longer-term contract incentive. | Consider offering or highlighting an online security service. | Consider offering targeted technical support assistance.
659,0.00919909,Customer is currently low risk; continue regular engagement. | No specific retention action identified by the current rules.
660,0.17089441,Customer is currently low risk; continue regular engagement. | Consider offering a suitable longer-term contract incentive. | Consider offering targeted technical support assistance.
661,0.16958074,Customer is currently low risk; continue regular engagement. | Consider offering a suitable longer-term contract incentive.
662,0.011408063,Customer is currently low risk; continue regular engagement. | Review pricing and perceived value; consider a targeted retention offer.
663,0.8547358,Customer is high risk; prioritize for retention intervention. | Consider offering a suitable longer-term contract incentive. | Consider an early-tenure retention offer or onboarding support. | Consider offering or highlighting an online security service. | Consider offering targeted technical support assistance.
664,0.009325643,Customer is currently low risk; continue regular engagement. | No specific retention action identified by the current rules.
665,0.107230075,Customer is currently low risk; continue regular engagement. | Consider offering or highlighting an online security service. | Review pricing and perceived value; consider a targeted retention offer.
666,0.424787,Customer is medium risk; consider targeted retention engagement. | Consider offering a suitable longer-term contract incentive. | Consider offering or highlighting an online security service. | Consider offering targeted technical support assistance.
667,0.11231055,Customer is currently low risk; continue regular engagement. | Consider offering or highlighting an online security service.
668,0.3873339,Customer is currently low risk; continue regular engagement. | Consider offering a suitable longer-term contract incentive. | Consider an early-tenure retention offer or onboarding support. | Consider offering or highlighting an online security service.
669,0.18834919,Customer is currently low risk; continue regular engagement. | Consider offering or highlighting an online security service. | Consider offering targeted technical support assistance. | Review pricing and perceived value; consider a targeted retention offer.
670,0.6047575,Customer is medium risk; consider targeted retention engagement. | Consider offering a suitable longer-term contract incentive. | Consider an early-tenure retention offer or onboarding support. | Consider offering or highlighting an online security service. | Consider offering targeted technical support assistance.
671,0.17800821,Customer is currently low risk; continue regular engagement. | Consider offering or highlighting an online security service.
672,0.26302674,Customer is currently low risk; continue regular engagement. | Consider offering a suitable longer-term contract incentive. | Consider an early-tenure retention offer or onboarding support.
673,0.14911664,Customer is currently low risk; continue regular engagement. | Review pricing and perceived value; consider a targeted retention offer.
674,0.7582495,Customer is high risk; prioritize for retention intervention. | Consider offering a suitable longer-term contract incentive. | Consider offering or highlighting an online security service. | Consider offering targeted technical support assistance. | Review pricing and perceived value; consider a targeted retention offer.
675,0.02670008,Customer is currently low risk; continue regular engagement. | No specific retention action identified by the current rules.
676,0.03925173,Customer is currently low risk; continue regular engagement. | No specific retention action identified by the current rules.
677,0.24518037,Customer is currently low risk; continue regular engagement. | Consider offering a suitable longer-term contract incentive. | Consider an early-tenure retention offer or onboarding support. | Consider offering or highlighting an online security service.
678,0.60480225,Customer is medium risk; consider targeted retention engagement. | Consider offering a suitable longer-term contract incentive. | Consider an early-tenure retention offer or onboarding support. | Consider offering or highlighting an online security service.
679,0.19878712,Customer is currently low risk; continue regular engagement. | Consider offering a suitable longer-term contract incentive. | Consider offering or highlighting an online security service.
680,0.02126638,Customer is currently low risk; continue regular engagement. | Consider offering targeted technical support assistance. | Review pricing and perceived value; consider a targeted retention offer.
681,0.12587294,Customer is currently low risk; continue regular engagement. | Consider offering a suitable longer-term contract incentive. | Consider offering or highlighting an online security service.
682,0.10474612,Customer is currently low risk; continue regular engagement. | Review pricing and perceived value; consider a targeted retention offer.
683,0.27682695,Customer is currently low risk; continue regular engagement. | Consider offering targeted technical support assistance. | Review pricing and perceived value; consider a targeted retention offer.
684,0.6360311,Customer is medium risk; consider targeted retention engagement. | Consider offering a suitable longer-term contract incentive. | Consider an early-tenure retention offer or onboarding support. | Consider offering targeted technical support assistance.
685,0.7323194,Customer is high risk; prioritize for retention intervention. | Consider offering a suitable longer-term contract incentive. | Consider an early-tenure retention offer or onboarding support. | Consider offering or highlighting an online security service. | Consider offering targeted technical support assistance. | Review pricing and perceived value; consider a targeted retention offer.
686,0.52420294,Customer is medium risk; consider targeted retention engagement. | Consider offering targeted technical support assistance. | Review pricing and perceived value; consider a targeted retention offer.
687,0.008795523,Customer is currently low risk; continue regular engagement. | Review pricing and perceived value; consider a targeted retention offer.
688,0.49034905,Customer is medium risk; consider targeted retention engagement. | Consider offering a suitable longer-term contract incentive. | Consider offering or highlighting an online security service. | Consider offering targeted technical support assistance.
689,0.46315947,Customer is medium risk; consider targeted retention engagement. | Consider offering a suitable longer-term contract incentive. | Consider an early-tenure retention offer or onboarding support. | Consider offering or highlighting an online security service.
690,0.054975934,Customer is currently low risk; continue regular engagement. | No specific retention action identified by the current rules.
691,0.057169832,Customer is currently low risk; continue regular engagement. | Consider offering targeted technical support assistance. | Review pricing and perceived value; consider a targeted retention offer.
692,0.14142352,Customer is currently low risk; continue regular engagement. | Consider offering a suitable longer-term contract incentive.
693,0.88731927,Customer is high risk; prioritize for retention intervention. | Consider offering a suitable longer-term contract incentive. | Consider an early-tenure retention offer or onboarding support. | Consider offering or highlighting an online security service. | Consider offering targeted technical support assistance.
694,0.01318442,Customer is currently low risk; continue regular engagement. | No specific retention action identified by the current rules.
695,0.20373356,Customer is currently low risk; continue regular engagement. | Consider offering or highlighting an online security service. | Consider offering targeted technical support assistance. | Review pricing and perceived value; consider a targeted retention offer.
696,0.055998437,Customer is currently low risk; continue regular engagement. | Consider offering or highlighting an online security service.
697,0.21819527,Customer is currently low risk; continue regular engagement. | Consider offering a suitable longer-term contract incentive. | Consider an early-tenure retention offer or onboarding support.
698,0.031956755,Customer is currently low risk; continue regular engagement. | Consider an early-tenure retention offer or onboarding support. | Consider offering targeted technical support assistance.
699,0.21566789,Customer is currently low risk; continue regular engagement. | Consider offering a suitable longer-term contract incentive. | Consider offering or highlighting an online security service. | Review pricing and perceived value; consider a targeted retention offer.
700,0.531371,Customer is medium risk; consider targeted retention engagement. | Consider offering a suitable longer-term contract incentive. | Consider offering or highlighting an online security service.
701,0.12140776,Customer is currently low risk; continue regular engagement. | Consider an early-tenure retention offer or onboarding support.
702,0.033718932,Customer is currently low risk; continue regular engagement. | Consider offering targeted technical support assistance.
703,0.017267311,Customer is currently low risk; continue regular engagement. | No specific retention action identified by the current rules.
704,0.2748309,Customer is currently low risk; continue regular engagement. | Consider offering or highlighting an online security service. | Consider offering targeted technical support assistance.
705,0.014175377,Customer is currently low risk; continue regular engagement. | No specific retention action identified by the current rules.
706,0.16134174,Customer is currently low risk; continue regular engagement. | Consider offering or highlighting an online security service. | Consider offering targeted technical support assistance. | Review pricing and perceived value; consider a targeted retention offer.
707,0.69357604,Customer is medium risk; consider targeted retention engagement. | Consider offering a suitable longer-term contract incentive. | Consider offering or highlighting an online security service. | Consider offering targeted technical support assistance.
708,0.00870577,Customer is currently low risk; continue regular engagement. | No specific retention action identified by the current rules.
709,0.021389468,Customer is currently low risk; continue regular engagement. | Review pricing and perceived value; consider a targeted retention offer.
710,0.88913006,Customer is high risk; prioritize for retention intervention. | Consider offering a suitable longer-term contract incentive. | Consider an early-tenure retention offer or onboarding support. | Consider offering or highlighting an online security service. | Consider offering targeted technical support assistance. | Review pricing and perceived value; consider a targeted retention offer.
711,0.79131854,Customer is high risk; prioritize for retention intervention. | Consider offering a suitable longer-term contract incentive. | Consider an early-tenure retention offer or onboarding support. | Consider offering or highlighting an online security service. | Consider offering targeted technical support assistance.
712,0.68672615,Customer is medium risk; consider targeted retention engagement. | Consider offering a suitable longer-term contract incentive. | Consider an early-tenure retention offer or onboarding support. | Consider offering or highlighting an online security service. | Consider offering targeted technical support assistance.
713,0.79079795,Customer is high risk; prioritize for retention intervention. | Consider offering a suitable longer-term contract incentive. | Consider an early-tenure retention offer or onboarding support. | Consider offering or highlighting an online security service. | Consider offering targeted technical support assistance. | Review pricing and perceived value; consider a targeted retention offer.
714,0.45385778,Customer is medium risk; consider targeted retention engagement. | Consider offering a suitable longer-term contract incentive. | Consider offering or highlighting an online security service. | Consider offering targeted technical support assistance.
715,0.09334492,Customer is currently low risk; continue regular engagement. | Consider offering a suitable longer-term contract incentive. | Consider offering or highlighting an online security service.
716,0.25490704,Customer is currently low risk; continue regular engagement. | Consider offering a suitable longer-term contract incentive. | Consider offering or highlighting an online security service. | Consider offering targeted technical support assistance.
717,0.33583322,Customer is currently low risk; continue regular engagement. | Consider offering targeted technical support assistance. | Review pricing and perceived value; consider a targeted retention offer.
718,0.73481935,Customer is high risk; prioritize for retention intervention. | Consider offering a suitable longer-term contract incentive. | Consider offering or highlighting an online security service. | Consider offering targeted technical support assistance. | Review pricing and perceived value; consider a targeted retention offer.
719,0.12532243,Customer is currently low risk; continue regular engagement. | Consider offering a suitable longer-term contract incentive.
720,0.018479863,Customer is currently low risk; continue regular engagement. | No specific retention action identified by the current rules.
721,0.009068435,Customer is currently low risk; continue regular engagement. | No specific retention action identified by the current rules.
722,0.17965879,Customer is currently low risk; continue regular engagement. | Consider offering a suitable longer-term contract incentive. | Consider an early-tenure retention offer or onboarding support.
723,0.66998553,Customer is medium risk; consider targeted retention engagement. | Consider offering a suitable longer-term contract incentive. | Consider offering or highlighting an online security service. | Consider offering targeted technical support assistance. | Review pricing and perceived value; consider a targeted retention offer.
724,0.043056257,Customer is currently low risk; continue regular engagement. | Consider offering targeted technical support assistance.
725,0.42794445,Customer is medium risk; consider targeted retention engagement. | Consider an early-tenure retention offer or onboarding support. | Consider offering or highlighting an online security service. | Consider offering targeted technical support assistance. | Review pricing and perceived value; consider a targeted retention offer.
726,0.7226654,Customer is high risk; prioritize for retention intervention. | Consider offering a suitable longer-term contract incentive. | Consider an early-tenure retention offer or onboarding support. | Consider offering or highlighting an online security service. | Consider offering targeted technical support assistance.
727,0.029882042,Customer is currently low risk; continue regular engagement. | Consider offering or highlighting an online security service.
728,0.87597835,Customer is high risk; prioritize for retention intervention. | Consider offering a suitable longer-term contract incentive. | Consider an early-tenure retention offer or onboarding support. | Consider offering or highlighting an online security service. | Consider offering targeted technical support assistance.
729,0.5011748,Customer is medium risk; consider targeted retention engagement. | Consider offering a suitable longer-term contract incentive. | Consider offering or highlighting an online security service. | Consider offering targeted technical support assistance.
730,0.19668268,Customer is currently low risk; continue regular engagement. | Consider offering a suitable longer-term contract incentive. | Consider offering or highlighting an online security service. | Consider offering targeted technical support assistance.
731,0.32438692,Customer is currently low risk; continue regular engagement. | Consider offering a suitable longer-term contract incentive. | Consider offering or highlighting an online security service. | Consider offering targeted technical support assistance.
732,0.019596465,Customer is currently low risk; continue regular engagement. | Review pricing and perceived value; consider a targeted retention offer.
733,0.882487,Customer is high risk; prioritize for retention intervention. | Consider offering a suitable longer-term contract incentive. | Consider an early-tenure retention offer or onboarding support. | Consider offering or highlighting an online security service. | Consider offering targeted technical support assistance.
734,0.64953256,Customer is medium risk; consider targeted retention engagement. | Consider offering a suitable longer-term contract incentive. | Consider an early-tenure retention offer or onboarding support. | Consider offering targeted technical support assistance. | Review pricing and perceived value; consider a targeted retention offer.
735,0.7528533,Customer is high risk; prioritize for retention intervention. | Consider offering a suitable longer-term contract incentive. | Consider an early-tenure retention offer or onboarding support. | Consider offering or highlighting an online security service. | Consider offering targeted technical support assistance.
736,0.08734254,Customer is currently low risk; continue regular engagement. | Consider offering or highlighting an online security service. | Consider offering targeted technical support assistance.
737,0.21195458,Customer is currently low risk; continue regular engagement. | Consider offering a suitable longer-term contract incentive. | Consider offering or highlighting an online security service. | Consider offering targeted technical support assistance.
738,0.013834136,Customer is currently low risk; continue regular engagement. | No specific retention action identified by the current rules.
739,0.025924886,Customer is currently low risk; continue regular engagement. | No specific retention action identified by the current rules.
740,0.92392236,Customer is high risk; prioritize for retention intervention. | Consider offering a suitable longer-term contract incentive. | Consider an early-tenure retention offer or onboarding support. | Consider offering or highlighting an online security service. | Consider offering targeted technical support assistance.
741,0.38198704,Customer is currently low risk; continue regular engagement. | Consider offering a suitable longer-term contract incentive. | Consider an early-tenure retention offer or onboarding support. | Consider offering targeted technical support assistance.
742,0.59168625,Customer is medium risk; consider targeted retention engagement. | Consider offering a suitable longer-term contract incentive. | Consider an early-tenure retention offer or onboarding support.
743,0.77111703,Customer is high risk; prioritize for retention intervention. | Consider offering a suitable longer-term contract incentive. | Consider an early-tenure retention offer or onboarding support. | Consider offering or highlighting an online security service. | Consider offering targeted technical support assistance.
744,0.22494757,Customer is currently low risk; continue regular engagement. | Consider offering a suitable longer-term contract incentive. | Consider an early-tenure retention offer or onboarding support. | Consider offering or highlighting an online security service.
745,0.2251052,Customer is currently low risk; continue regular engagement. | Consider offering a suitable longer-term contract incentive. | Consider an early-tenure retention offer or onboarding support.
746,0.8849162,Customer is high risk; prioritize for retention intervention. | Consider offering a suitable longer-term contract incentive. | Consider an early-tenure retention offer or onboarding support. | Consider offering or highlighting an online security service. | Consider offering targeted technical support assistance. | Review pricing and perceived value; consider a targeted retention offer.
747,0.0071525043,Customer is currently low risk; continue regular engagement. | Review pricing and perceived value; consider a targeted retention offer.
748,0.017567087,Customer is currently low risk; continue regular engagement. | Consider offering targeted technical support assistance.
749,0.88661194,Customer is high risk; prioritize for retention intervention. | Consider offering a suitable longer-term contract incentive. | Consider an early-tenure retention offer or onboarding support. | Consider offering or highlighting an online security service. | Consider offering targeted technical support assistance.
750,0.049410287,Customer is currently low risk; continue regular engagement. | No specific retention action identified by the current rules.
751,0.008544557,Customer is currently low risk; continue regular engagement. | No specific retention action identified by the current rules.
752,0.014878458,Customer is currently low risk; continue regular engagement. | No specific retention action identified by the current rules.
753,0.22884509,Customer is currently low risk; continue regular engagement. | Consider offering a suitable longer-term contract incentive. | Consider offering targeted technical support assistance. | Review pricing and perceived value; consider a targeted retention offer.
754,0.016189681,Customer is currently low risk; continue regular engagement. | No specific retention action identified by the current rules.
755,0.02813057,Customer is currently low risk; continue regular engagement. | Review pricing and perceived value; consider a targeted retention offer.
756,0.57451105,Customer is medium risk; consider targeted retention engagement. | Consider offering a suitable longer-term contract incentive. | Consider an early-tenure retention offer or onboarding support.
757,0.10040357,Customer is currently low risk; continue regular engagement. | Consider offering or highlighting an online security service. | Review pricing and perceived value; consider a targeted retention offer.
758,0.46579447,Customer is medium risk; consider targeted retention engagement. | Consider offering or highlighting an online security service. | Review pricing and perceived value; consider a targeted retention offer.
759,0.039766397,Customer is currently low risk; continue regular engagement. | Consider an early-tenure retention offer or onboarding support.
760,0.61409485,Customer is medium risk; consider targeted retention engagement. | Consider offering a suitable longer-term contract incentive. | Consider offering or highlighting an online security service. | Consider offering targeted technical support assistance. | Review pricing and perceived value; consider a targeted retention offer.
761,0.025115391,Customer is currently low risk; continue regular engagement. | No specific retention action identified by the current rules.
762,0.9063676,Customer is high risk; prioritize for retention intervention. | Consider offering a suitable longer-term contract incentive. | Consider an early-tenure retention offer or onboarding support. | Consider offering or highlighting an online security service. | Consider offering targeted technical support assistance. | Review pricing and perceived value; consider a targeted retention offer.
763,0.40509194,Customer is medium risk; consider targeted retention engagement. | Consider offering a suitable longer-term contract incentive. | Consider offering targeted technical support assistance. | Review pricing and perceived value; consider a targeted retention offer.
764,0.7275475,Customer is high risk; prioritize for retention intervention. | Consider offering a suitable longer-term contract incentive. | Consider offering or highlighting an online security service. | Consider offering targeted technical support assistance. | Review pricing and perceived value; consider a targeted retention offer.
765,0.292622,Customer is currently low risk; continue regular engagement. | Consider offering or highlighting an online security service. | Consider offering targeted technical support assistance. | Review pricing and perceived value; consider a targeted retention offer.
766,0.49682513,Customer is medium risk; consider targeted retention engagement. | Consider offering or highlighting an online security service. | Consider offering targeted technical support assistance. | Review pricing and perceived value; consider a targeted retention offer.
767,0.049009904,Customer is currently low risk; continue regular engagement. | Consider offering or highlighting an online security service. | Review pricing and perceived value; consider a targeted retention offer.
768,0.09405699,Customer is currently low risk; continue regular engagement. | Consider offering or highlighting an online security service. | Consider offering targeted technical support assistance.
769,0.05876007,Customer is currently low risk; continue regular engagement. | Consider an early-tenure retention offer or onboarding support. | Consider offering targeted technical support assistance. | Review pricing and perceived value; consider a targeted retention offer.
770,0.69914734,Customer is medium risk; consider targeted retention engagement. | Consider offering a suitable longer-term contract incentive. | Consider an early-tenure retention offer or onboarding support. | Consider offering or highlighting an online security service.
771,0.87289214,Customer is high risk; prioritize for retention intervention. | Consider offering a suitable longer-term contract incentive. | Consider an early-tenure retention offer or onboarding support. | Consider offering or highlighting an online security service. | Consider offering targeted technical support assistance.
772,0.061583705,Customer is currently low risk; continue regular engagement. | Consider offering targeted technical support assistance.
773,0.46021774,Customer is medium risk; consider targeted retention engagement. | Consider offering a suitable longer-term contract incentive. | Consider offering targeted technical support assistance. | Review pricing and perceived value; consider a targeted retention offer.
774,0.85497355,Customer is high risk; prioritize for retention intervention. | Consider offering a suitable longer-term contract incentive. | Consider an early-tenure retention offer or onboarding support. | Consider offering or highlighting an online security service. | Consider offering targeted technical support assistance. | Review pricing and perceived value; consider a targeted retention offer.
775,0.522558,Customer is medium risk; consider targeted retention engagement. | Consider offering a suitable longer-term contract incentive. | Consider offering targeted technical support assistance. | Review pricing and perceived value; consider a targeted retention offer.
776,0.42581153,Customer is medium risk; consider targeted retention engagement. | Consider offering a suitable longer-term contract incentive. | Consider an early-tenure retention offer or onboarding support. | Consider offering or highlighting an online security service.
777,0.09535236,Customer is currently low risk; continue regular engagement. | Consider offering a suitable longer-term contract incentive.
778,0.08718183,Customer is currently low risk; continue regular engagement. | Consider offering or highlighting an online security service. | Consider offering targeted technical support assistance.
779,0.024465082,Customer is currently low risk; continue regular engagement. | No specific retention action identified by the current rules.
780,0.059484243,Customer is currently low risk; continue regular engagement. | Consider offering or highlighting an online security service. | Review pricing and perceived value; consider a targeted retention offer.
781,0.041840643,Customer is currently low risk; continue regular engagement. | Consider offering or highlighting an online security service.
782,0.04473931,Customer is currently low risk; continue regular engagement. | Consider offering or highlighting an online security service. | Consider offering targeted technical support assistance.
783,0.535967,Customer is medium risk; consider targeted retention engagement. | Consider offering a suitable longer-term contract incentive. | Consider an early-tenure retention offer or onboarding support. | Consider offering or highlighting an online security service. | Consider offering targeted technical support assistance.
784,0.018044036,Customer is currently low risk; continue regular engagement. | No specific retention action identified by the current rules.
785,0.018765325,Customer is currently low risk; continue regular engagement. | No specific retention action identified by the current rules.
786,0.4506643,Customer is medium risk; consider targeted retention engagement. | Consider offering a suitable longer-term contract incentive. | Consider offering targeted technical support assistance. | Review pricing and perceived value; consider a targeted retention offer.
787,0.3448447,Customer is currently low risk; continue regular engagement. | Review pricing and perceived value; consider a targeted retention offer.
788,0.9252286,Customer is high risk; prioritize for retention intervention. | Consider offering a suitable longer-term contract incentive. | Consider an early-tenure retention offer or onboarding support. | Consider offering or highlighting an online security service. | Consider offering targeted technical support assistance. | Review pricing and perceived value; consider a targeted retention offer.
789,0.19458953,Customer is currently low risk; continue regular engagement. | Consider offering a suitable longer-term contract incentive. | Consider offering targeted technical support assistance.
790,0.123505205,Customer is currently low risk; continue regular engagement. | Review pricing and perceived value; consider a targeted retention offer.
791,0.10350035,Customer is currently low risk; continue regular engagement. | Consider offering a suitable longer-term contract incentive.
792,0.042117774,Customer is currently low risk; continue regular engagement. | Consider offering a suitable longer-term contract incentive.
793,0.0052774274,Customer is currently low risk; continue regular engagement. | No specific retention action identified by the current rules.
794,0.7774152,Customer is high risk; prioritize for retention intervention. | Consider offering a suitable longer-term contract incentive. | Consider an early-tenure retention offer or onboarding support. | Consider offering or highlighting an online security service. | Consider offering targeted technical support assistance. | Review pricing and perceived value; consider a targeted retention offer.
795,0.03922686,Customer is currently low risk; continue regular engagement. | Consider offering or highlighting an online security service.
796,0.055902723,Customer is currently low risk; continue regular engagement. | Consider offering targeted technical support assistance.
797,0.7322432,Customer is high risk; prioritize for retention intervention. | Consider offering a suitable longer-term contract incentive. | Consider an early-tenure retention offer or onboarding support.
798,0.7223097,Customer is high risk; prioritize for retention intervention. | Consider offering a suitable longer-term contract incentive. | Consider offering or highlighting an online security service. | Consider offering targeted technical support assistance.
799,0.39277878,Customer is currently low risk; continue regular engagement. | Consider offering a suitable longer-term contract incentive. | Consider offering targeted technical support assistance.
800,0.011766826,Customer is currently low risk; continue regular engagement. | No specific retention action identified by the current rules.
801,0.55891216,Customer is medium risk; consider targeted retention engagement. | Consider offering a suitable longer-term contract incentive. | Consider offering or highlighting an online security service. | Consider offering targeted technical support assistance.
802,0.006955998,Customer is currently low risk; continue regular engagement. | Review pricing and perceived value; consider a targeted retention offer.
803,0.07962368,Customer is currently low risk; continue regular engagement. | Consider offering or highlighting an online security service. | Consider offering targeted technical support assistance. | Review pricing and perceived value; consider a targeted retention offer.
804,0.0357331,Customer is currently low risk; continue regular engagement. | Consider offering targeted technical support assistance. | Review pricing and perceived value; consider a targeted retention offer.
805,0.013196349,Customer is currently low risk; continue regular engagement. | No specific retention action identified by the current rules.
806,0.4844397,Customer is medium risk; consider targeted retention engagement. | Consider offering a suitable longer-term contract incentive. | Consider offering or highlighting an online security service. | Consider offering targeted technical support assistance. | Review pricing and perceived value; consider a targeted retention offer.
807,0.17795451,Customer is currently low risk; continue regular engagement. | Consider offering a suitable longer-term contract incentive. | Consider an early-tenure retention offer or onboarding support.
808,0.1070797,Customer is currently low risk; continue regular engagement. | Consider offering a suitable longer-term contract incentive.
809,0.4379598,Customer is medium risk; consider targeted retention engagement. | Consider offering or highlighting an online security service. | Consider offering targeted technical support assistance. | Review pricing and perceived value; consider a targeted retention offer.
810,0.29128474,Customer is currently low risk; continue regular engagement. | Consider offering a suitable longer-term contract incentive. | Consider an early-tenure retention offer or onboarding support. | Consider offering or highlighting an online security service.
811,0.25125146,Customer is currently low risk; continue regular engagement. | Consider offering or highlighting an online security service. | Review pricing and perceived value; consider a targeted retention offer.
812,0.04358495,Customer is currently low risk; continue regular engagement. | No specific retention action identified by the current rules.
813,0.87645465,Customer is high risk; prioritize for retention intervention. | Consider offering a suitable longer-term contract incentive. | Consider an early-tenure retention offer or onboarding support. | Consider offering or highlighting an online security service. | Consider offering targeted technical support assistance.
814,0.9065582,Customer is high risk; prioritize for retention intervention. | Consider offering a suitable longer-term contract incentive. | Consider an early-tenure retention offer or onboarding support. | Consider offering or highlighting an online security service. | Consider offering targeted technical support assistance. | Review pricing and perceived value; consider a targeted retention offer.
815,0.04948587,Customer is currently low risk; continue regular engagement. | No specific retention action identified by the current rules.
816,0.8812662,Customer is high risk; prioritize for retention intervention. | Consider offering a suitable longer-term contract incentive. | Consider an early-tenure retention offer or onboarding support. | Consider offering or highlighting an online security service. | Consider offering targeted technical support assistance.
817,0.5899494,Customer is medium risk; consider targeted retention engagement. | Consider offering a suitable longer-term contract incentive. | Consider an early-tenure retention offer or onboarding support. | Consider offering targeted technical support assistance.
818,0.7514812,Customer is high risk; prioritize for retention intervention. | Consider offering a suitable longer-term contract incentive. | Consider offering or highlighting an online security service. | Consider offering targeted technical support assistance. | Review pricing and perceived value; consider a targeted retention offer.
819,0.022993127,Customer is currently low risk; continue regular engagement. | No specific retention action identified by the current rules.
820,0.2209889,Customer is currently low risk; continue regular engagement. | Consider offering or highlighting an online security service. | Review pricing and perceived value; consider a targeted retention offer.
821,0.44975525,Customer is medium risk; consider targeted retention engagement. | Consider offering a suitable longer-term contract incentive. | Consider offering or highlighting an online security service. | Consider offering targeted technical support assistance. | Review pricing and perceived value; consider a targeted retention offer.
822,0.06634809,Customer is currently low risk; continue regular engagement. | Consider offering a suitable longer-term contract incentive.
823,0.071315154,Customer is currently low risk; continue regular engagement. | Consider offering targeted technical support assistance. | Review pricing and perceived value; consider a targeted retention offer.
824,0.0073404633,Customer is currently low risk; continue regular engagement. | Review pricing and perceived value; consider a targeted retention offer.
825,0.15610504,Customer is currently low risk; continue regular engagement. | Consider offering a suitable longer-term contract incentive. | Consider offering targeted technical support assistance.
826,0.6482775,Customer is medium risk; consider targeted retention engagement. | Consider offering a suitable longer-term contract incentive. | Consider offering or highlighting an online security service. | Consider offering targeted technical support assistance.
827,0.020730713,Customer is currently low risk; continue regular engagement. | Consider offering targeted technical support assistance.
828,0.8814547,Customer is high risk; prioritize for retention intervention. | Consider offering a suitable longer-term contract incentive. | Consider an early-tenure retention offer or onboarding support. | Consider offering or highlighting an online security service. | Consider offering targeted technical support assistance.
829,0.51029116,Customer is medium risk; consider targeted retention engagement. | Consider offering a suitable longer-term contract incentive. | Consider offering or highlighting an online security service. | Review pricing and perceived value; consider a targeted retention offer.
830,0.8368407,Customer is high risk; prioritize for retention intervention. | Consider offering a suitable longer-term contract incentive. | Consider offering or highlighting an online security service. | Consider offering targeted technical support assistance.
831,0.26571617,Customer is currently low risk; continue regular engagement. | Consider offering a suitable longer-term contract incentive. | Consider offering or highlighting an online security service. | Review pricing and perceived value; consider a targeted retention offer.
832,0.031974625,Customer is currently low risk; continue regular engagement. | Consider offering targeted technical support assistance.
833,0.7828784,Customer is high risk; prioritize for retention intervention. | Consider offering a suitable longer-term contract incentive. | Consider an early-tenure retention offer or onboarding support. | Consider offering or highlighting an online security service. | Consider offering targeted technical support assistance.
834,0.547411,Customer is medium risk; consider targeted retention engagement. | Consider offering a suitable longer-term contract incentive. | Consider offering or highlighting an online security service. | Consider offering targeted technical support assistance. | Review pricing and perceived value; consider a targeted retention offer.
835,0.08414734,Customer is currently low risk; continue regular engagement. | Consider offering or highlighting an online security service.
836,0.039374243,Customer is currently low risk; continue regular engagement. | No specific retention action identified by the current rules.
837,0.017722987,Customer is currently low risk; continue regular engagement. | No specific retention action identified by the current rules.
838,0.034461595,Customer is currently low risk; continue regular engagement. | Consider an early-tenure retention offer or onboarding support.
839,0.6180098,Customer is medium risk; consider targeted retention engagement. | Consider offering a suitable longer-term contract incentive. | Consider an early-tenure retention offer or onboarding support. | Consider offering or highlighting an online security service. | Review pricing and perceived value; consider a targeted retention offer.
840,0.038692463,Customer is currently low risk; continue regular engagement. | No specific retention action identified by the current rules.
841,0.13599002,Customer is currently low risk; continue regular engagement. | Consider offering a suitable longer-term contract incentive. | Consider an early-tenure retention offer or onboarding support.
842,0.41945037,Customer is medium risk; consider targeted retention engagement. | Consider offering targeted technical support assistance. | Review pricing and perceived value; consider a targeted retention offer.
843,0.014905901,Customer is currently low risk; continue regular engagement. | No specific retention action identified by the current rules.
844,0.5423659,Customer is medium risk; consider targeted retention engagement. | Consider offering a suitable longer-term contract incentive. | Consider offering targeted technical support assistance. | Review pricing and perceived value; consider a targeted retention offer.
845,0.014706612,Customer is currently low risk; continue regular engagement. | Consider an early-tenure retention offer or onboarding support.
846,0.08096773,Customer is currently low risk; continue regular engagement. | Consider an early-tenure retention offer or onboarding support.
847,0.7583682,Customer is high risk; prioritize for retention intervention. | Consider offering a suitable longer-term contract incentive. | Consider an early-tenure retention offer or onboarding support. | Consider offering or highlighting an online security service. | Consider offering targeted technical support assistance.
848,0.042265005,Customer is currently low risk; continue regular engagement. | Consider offering targeted technical support assistance.
849,0.046681855,Customer is currently low risk; continue regular engagement. | No specific retention action identified by the current rules.
850,0.010961427,Customer is currently low risk; continue regular engagement. | No specific retention action identified by the current rules.
851,0.04412487,Customer is currently low risk; continue regular engagement. | No specific retention action identified by the current rules.
852,0.54124856,Customer is medium risk; consider targeted retention engagement. | Consider offering a suitable longer-term contract incentive. | Consider an early-tenure retention offer or onboarding support. | Consider offering or highlighting an online security service. | Consider offering targeted technical support assistance.
853,0.024931615,Customer is currently low risk; continue regular engagement. | Consider offering targeted technical support assistance. | Review pricing and perceived value; consider a targeted retention offer.
854,0.63933265,Customer is medium risk; consider targeted retention engagement. | Consider offering a suitable longer-term contract incentive. | Consider an early-tenure retention offer or onboarding support. | Consider offering or highlighting an online security service. | Consider offering targeted technical support assistance.
855,0.6412637,Customer is medium risk; consider targeted retention engagement. | Consider offering a suitable longer-term contract incentive. | Consider an early-tenure retention offer or onboarding support.
856,0.5630136,Customer is medium risk; consider targeted retention engagement. | Consider offering a suitable longer-term contract incentive. | Consider offering or highlighting an online security service. | Review pricing and perceived value; consider a targeted retention offer.
857,0.24602436,Customer is currently low risk; continue regular engagement. | Consider offering or highlighting an online security service. | Review pricing and perceived value; consider a targeted retention offer.
858,0.22220924,Customer is currently low risk; continue regular engagement. | Consider offering a suitable longer-term contract incentive. | Consider an early-tenure retention offer or onboarding support. | Consider offering targeted technical support assistance.
859,0.043295223,Customer is currently low risk; continue regular engagement. | Consider an early-tenure retention offer or onboarding support.
860,0.36124808,Customer is currently low risk; continue regular engagement. | Consider offering a suitable longer-term contract incentive. | Consider an early-tenure retention offer or onboarding support.
861,0.024395315,Customer is currently low risk; continue regular engagement. | Consider offering targeted technical support assistance.
862,0.039053667,Customer is currently low risk; continue regular engagement. | No specific retention action identified by the current rules.
863,0.4748534,Customer is medium risk; consider targeted retention engagement. | Consider offering a suitable longer-term contract incentive. | Consider offering or highlighting an online security service. | Consider offering targeted technical support assistance. | Review pricing and perceived value; consider a targeted retention offer.
864,0.6059016,Customer is medium risk; consider targeted retention engagement. | Consider offering a suitable longer-term contract incentive. | Consider offering or highlighting an online security service. | Consider offering targeted technical support assistance.
865,0.43364826,Customer is medium risk; consider targeted retention engagement. | Consider offering a suitable longer-term contract incentive. | Consider an early-tenure retention offer or onboarding support. | Consider offering or highlighting an online security service.
866,0.61148137,Customer is medium risk; consider targeted retention engagement. | Consider offering a suitable longer-term contract incentive. | Consider an early-tenure retention offer or onboarding support. | Consider offering or highlighting an online security service. | Consider offering targeted technical support assistance.
867,0.028806603,Customer is currently low risk; continue regular engagement. | Consider offering or highlighting an online security service.
868,0.039386164,Customer is currently low risk; continue regular engagement. | No specific retention action identified by the current rules.
869,0.0048403954,Customer is currently low risk; continue regular engagement. | No specific retention action identified by the current rules.
870,0.25171623,Customer is currently low risk; continue regular engagement. | Consider offering a suitable longer-term contract incentive. | Consider offering targeted technical support assistance.
871,0.23290478,Customer is currently low risk; continue regular engagement. | Consider offering a suitable longer-term contract incentive. | Consider an early-tenure retention offer or onboarding support. | Consider offering or highlighting an online security service.
872,0.90042657,Customer is high risk; prioritize for retention intervention. | Consider offering a suitable longer-term contract incentive. | Consider an early-tenure retention offer or onboarding support. | Consider offering or highlighting an online security service. | Consider offering targeted technical support assistance. | Review pricing and perceived value; consider a targeted retention offer.
873,0.3312368,Customer is currently low risk; continue regular engagement. | Consider offering a suitable longer-term contract incentive. | Consider offering or highlighting an online security service. | Consider offering targeted technical support assistance.
874,0.3012881,Customer is currently low risk; continue regular engagement. | Consider offering a suitable longer-term contract incentive. | Consider an early-tenure retention offer or onboarding support.
875,0.22834003,Customer is currently low risk; continue regular engagement. | Consider offering or highlighting an online security service. | Review pricing and perceived value; consider a targeted retention offer.
876,0.14581895,Customer is currently low risk; continue regular engagement. | Consider offering a suitable longer-term contract incentive. | Consider offering targeted technical support assistance.
877,0.14344536,Customer is currently low risk; continue regular engagement. | Consider offering a suitable longer-term contract incentive. | Consider an early-tenure retention offer or onboarding support.
878,0.2722437,Customer is currently low risk; continue regular engagement. | Consider offering a suitable longer-term contract incentive. | Consider an early-tenure retention offer or onboarding support. | Consider offering targeted technical support assistance.
879,0.04098434,Customer is currently low risk; continue regular engagement. | No specific retention action identified by the current rules.
880,0.7645528,Customer is high risk; prioritize for retention intervention. | Consider offering a suitable longer-term contract incentive. | Consider an early-tenure retention offer or onboarding support. | Consider offering or highlighting an online security service. | Consider offering targeted technical support assistance.
881,0.7460336,Customer is high risk; prioritize for retention intervention. | Consider offering a suitable longer-term contract incentive. | Consider an early-tenure retention offer or onboarding support. | Consider offering or highlighting an online security service. | Consider offering targeted technical support assistance.
882,0.8110861,Customer is high risk; prioritize for retention intervention. | Consider offering a suitable longer-term contract incentive. | Consider an early-tenure retention offer or onboarding support. | Consider offering or highlighting an online security service. | Consider offering targeted technical support assistance.
883,0.027906582,Customer is currently low risk; continue regular engagement. | No specific retention action identified by the current rules.
884,0.54251486,Customer is medium risk; consider targeted retention engagement. | Consider offering a suitable longer-term contract incentive. | Consider an early-tenure retention offer or onboarding support. | Consider offering or highlighting an online security service. | Consider offering targeted technical support assistance.
885,0.062466297,Customer is currently low risk; continue regular engagement. | Consider offering or highlighting an online security service. | Consider offering targeted technical support assistance.
886,0.10929732,Customer is currently low risk; continue regular engagement. | Consider offering or highlighting an online security service. | Review pricing and perceived value; consider a targeted retention offer.
887,0.5592744,Customer is medium risk; consider targeted retention engagement. | Consider offering a suitable longer-term contract incentive. | Consider offering or highlighting an online security service. | Consider offering targeted technical support assistance.
888,0.4909908,Customer is medium risk; consider targeted retention engagement. | Consider offering a suitable longer-term contract incentive. | Consider offering or highlighting an online security service. | Consider offering targeted technical support assistance. | Review pricing and perceived value; consider a targeted retention offer.
889,0.92853737,Customer is high risk; prioritize for retention intervention. | Consider offering a suitable longer-term contract incentive. | Consider an early-tenure retention offer or onboarding support. | Consider offering or highlighting an online security service. | Consider offering targeted technical support assistance. | Review pricing and perceived value; consider a targeted retention offer.
890,0.2740818,Customer is currently low risk; continue regular engagement. | Consider offering or highlighting an online security service. | Consider offering targeted technical support assistance. | Review pricing and perceived value; consider a targeted retention offer.
891,0.120449,Customer is currently low risk; continue regular engagement. | Consider offering a suitable longer-term contract incentive. | Consider offering targeted technical support assistance.
892,0.3858798,Customer is currently low risk; continue regular engagement. | Consider offering a suitable longer-term contract incentive. | Consider an early-tenure retention offer or onboarding support. | Consider offering or highlighting an online security service.
893,0.15367989,Customer is currently low risk; continue regular engagement. | Consider offering or highlighting an online security service. | Consider offering targeted technical support assistance. | Review pricing and perceived value; consider a targeted retention offer.
894,0.7353604,Customer is high risk; prioritize for retention intervention. | Consider offering a suitable longer-term contract incentive. | Consider an early-tenure retention offer or onboarding support. | Consider offering or highlighting an online security service. | Consider offering targeted technical support assistance.
895,0.013551729,Customer is currently low risk; continue regular engagement. | No specific retention action identified by the current rules.
896,0.47053295,Customer is medium risk; consider targeted retention engagement. | Consider offering a suitable longer-term contract incentive. | Consider offering targeted technical support assistance. | Review pricing and perceived value; consider a targeted retention offer.
897,0.015823433,Customer is currently low risk; continue regular engagement. | Review pricing and perceived value; consider a targeted retention offer.
898,0.8274958,Customer is high risk; prioritize for retention intervention. | Consider offering a suitable longer-term contract incentive. | Consider an early-tenure retention offer or onboarding support. | Consider offering or highlighting an online security service. | Consider offering targeted technical support assistance.
899,0.120897286,Customer is currently low risk; continue regular engagement. | Consider offering a suitable longer-term contract incentive. | Consider offering targeted technical support assistance. | Review pricing and perceived value; consider a targeted retention offer.
900,0.8513932,Customer is high risk; prioritize for retention intervention. | Consider offering a suitable longer-term contract incentive. | Consider an early-tenure retention offer or onboarding support. | Consider offering or highlighting an online security service. | Consider offering targeted technical support assistance. | Review pricing and perceived value; consider a targeted retention offer.
901,0.015898906,Customer is currently low risk; continue regular engagement. | No specific retention action identified by the current rules.
902,0.09824438,Customer is currently low risk; continue regular engagement. | Consider offering a suitable longer-term contract incentive. | Consider offering or highlighting an online security service. | Consider offering targeted technical support assistance.
903,0.20007329,Customer is currently low risk; continue regular engagement. | Consider offering a suitable longer-term contract incentive. | Consider offering targeted technical support assistance.
904,0.7540872,Customer is high risk; prioritize for retention intervention. | Consider offering a suitable longer-term contract incentive. | Consider an early-tenure retention offer or onboarding support. | Consider offering or highlighting an online security service. | Consider offering targeted technical support assistance.
905,0.021515083,Customer is currently low risk; continue regular engagement. | Consider an early-tenure retention offer or onboarding support.
906,0.5682386,Customer is medium risk; consider targeted retention engagement. | Consider offering a suitable longer-term contract incentive. | Consider offering or highlighting an online security service. | Consider offering targeted technical support assistance. | Review pricing and perceived value; consider a targeted retention offer.
907,0.7595271,Customer is high risk; prioritize for retention intervention. | Consider offering a suitable longer-term contract incentive. | Consider an early-tenure retention offer or onboarding support. | Consider offering or highlighting an online security service. | Consider offering targeted technical support assistance.
908,0.16997194,Customer is currently low risk; continue regular engagement. | Consider offering a suitable longer-term contract incentive. | Consider offering targeted technical support assistance.
909,0.32668623,Customer is currently low risk; continue regular engagement. | Review pricing and perceived value; consider a targeted retention offer.
910,0.14536744,Customer is currently low risk; continue regular engagement. | Review pricing and perceived value; consider a targeted retention offer.
911,0.8850636,Customer is high risk; prioritize for retention intervention. | Consider offering a suitable longer-term contract incentive. | Consider an early-tenure retention offer or onboarding support. | Consider offering or highlighting an online security service. | Consider offering targeted technical support assistance.
912,0.032240584,Customer is currently low risk; continue regular engagement. | Review pricing and perceived value; consider a targeted retention offer.
913,0.6510337,Customer is medium risk; consider targeted retention engagement. | Consider offering a suitable longer-term contract incentive. | Consider offering or highlighting an online security service. | Consider offering targeted technical support assistance. | Review pricing and perceived value; consider a targeted retention offer.
914,0.81876254,Customer is high risk; prioritize for retention intervention. | Consider offering a suitable longer-term contract incentive. | Consider offering or highlighting an online security service. | Consider offering targeted technical support assistance. | Review pricing and perceived value; consider a targeted retention offer.
915,0.056974962,Customer is currently low risk; continue regular engagement. | No specific retention action identified by the current rules.
916,0.1970052,Customer is currently low risk; continue regular engagement. | Consider offering targeted technical support assistance. | Review pricing and perceived value; consider a targeted retention offer.
917,0.2864896,Customer is currently low risk; continue regular engagement. | Consider offering a suitable longer-term contract incentive. | Consider offering or highlighting an online security service.
918,0.08761006,Customer is currently low risk; continue regular engagement. | Consider offering a suitable longer-term contract incentive.
919,0.08637855,Customer is currently low risk; continue regular engagement. | Consider offering or highlighting an online security service. | Review pricing and perceived value; consider a targeted retention offer.
920,0.77739966,Customer is high risk; prioritize for retention intervention. | Consider offering a suitable longer-term contract incentive. | Consider offering or highlighting an online security service. | Consider offering targeted technical support assistance. | Review pricing and perceived value; consider a targeted retention offer.
921,0.7582495,Customer is high risk; prioritize for retention intervention. | Consider offering a suitable longer-term contract incentive. | Consider offering or highlighting an online security service. | Consider offering targeted technical support assistance. | Review pricing and perceived value; consider a targeted retention offer.
922,0.062243793,Customer is currently low risk; continue regular engagement. | No specific retention action identified by the current rules.
923,0.15988053,Customer is currently low risk; continue regular engagement. | Consider offering or highlighting an online security service.
924,0.032983545,Customer is currently low risk; continue regular engagement. | No specific retention action identified by the current rules.
925,0.6410308,Customer is medium risk; consider targeted retention engagement. | Consider offering a suitable longer-term contract incentive. | Consider an early-tenure retention offer or onboarding support. | Consider offering or highlighting an online security service. | Consider offering targeted technical support assistance.
926,0.025329465,Customer is currently low risk; continue regular engagement. | No specific retention action identified by the current rules.
927,0.32584512,Customer is currently low risk; continue regular engagement. | Consider offering targeted technical support assistance. | Review pricing and perceived value; consider a targeted retention offer.
928,0.6412637,Customer is medium risk; consider targeted retention engagement. | Consider offering a suitable longer-term contract incentive. | Consider an early-tenure retention offer or onboarding support.
929,0.29605865,Customer is currently low risk; continue regular engagement. | Consider offering a suitable longer-term contract incentive. | Consider an early-tenure retention offer or onboarding support.
930,0.055521693,Customer is currently low risk; continue regular engagement. | Consider offering targeted technical support assistance. | Review pricing and perceived value; consider a targeted retention offer.
931,0.047073245,Customer is currently low risk; continue regular engagement. | No specific retention action identified by the current rules.
932,0.05996785,Customer is currently low risk; continue regular engagement. | Consider an early-tenure retention offer or onboarding support. | Consider offering targeted technical support assistance.
933,0.2529939,Customer is currently low risk; continue regular engagement. | Consider offering a suitable longer-term contract incentive. | Consider offering or highlighting an online security service. | Consider offering targeted technical support assistance.
934,0.017539252,Customer is currently low risk; continue regular engagement. | Review pricing and perceived value; consider a targeted retention offer.
935,0.47626695,Customer is medium risk; consider targeted retention engagement. | Consider offering or highlighting an online security service. | Review pricing and perceived value; consider a targeted retention offer.
936,0.57348603,Customer is medium risk; consider targeted retention engagement. | Consider offering a suitable longer-term contract incentive. | Consider offering or highlighting an online security service. | Consider offering targeted technical support assistance. | Review pricing and perceived value; consider a targeted retention offer.
937,0.018590804,Customer is currently low risk; continue regular engagement. | No specific retention action identified by the current rules.
938,0.701241,Customer is high risk; prioritize for retention intervention. | Consider offering a suitable longer-term contract incentive. | Consider offering or highlighting an online security service. | Consider offering targeted technical support assistance.
939,0.0055071814,Customer is currently low risk; continue regular engagement. | No specific retention action identified by the current rules.
940,0.8869087,Customer is high risk; prioritize for retention intervention. | Consider offering a suitable longer-term contract incentive. | Consider an early-tenure retention offer or onboarding support. | Consider offering or highlighting an online security service. | Consider offering targeted technical support assistance.
941,0.024176687,Customer is currently low risk; continue regular engagement. | Consider offering or highlighting an online security service. | Review pricing and perceived value; consider a targeted retention offer.
942,0.11359272,Customer is currently low risk; continue regular engagement. | Consider offering or highlighting an online security service.
943,0.8046897,Customer is high risk; prioritize for retention intervention. | Consider offering a suitable longer-term contract incentive. | Consider an early-tenure retention offer or onboarding support. | Consider offering or highlighting an online security service. | Consider offering targeted technical support assistance.
944,0.0059860526,Customer is currently low risk; continue regular engagement. | Review pricing and perceived value; consider a targeted retention offer.
945,0.4929136,Customer is medium risk; consider targeted retention engagement. | Consider offering a suitable longer-term contract incentive. | Consider offering or highlighting an online security service. | Consider offering targeted technical support assistance.
946,0.18949671,Customer is currently low risk; continue regular engagement. | Consider offering a suitable longer-term contract incentive. | Consider offering or highlighting an online security service. | Consider offering targeted technical support assistance.
947,0.87697995,Customer is high risk; prioritize for retention intervention. | Consider offering a suitable longer-term contract incentive. | Consider an early-tenure retention offer or onboarding support. | Consider offering or highlighting an online security service. | Consider offering targeted technical support assistance. | Review pricing and perceived value; consider a targeted retention offer.
948,0.8236222,Customer is high risk; prioritize for retention intervention. | Consider offering a suitable longer-term contract incentive. | Consider an early-tenure retention offer or onboarding support. | Consider offering or highlighting an online security service. | Consider offering targeted technical support assistance.
949,0.67644626,Customer is medium risk; consider targeted retention engagement. | Consider offering a suitable longer-term contract incentive. | Consider offering or highlighting an online security service. | Consider offering targeted technical support assistance. | Review pricing and perceived value; consider a targeted retention offer.
950,0.7582331,Customer is high risk; prioritize for retention intervention. | Consider offering a suitable longer-term contract incentive. | Consider offering or highlighting an online security service. | Consider offering targeted technical support assistance. | Review pricing and perceived value; consider a targeted retention offer.
951,0.03290432,Customer is currently low risk; continue regular engagement. | No specific retention action identified by the current rules.
952,0.88451654,Customer is high risk; prioritize for retention intervention. | Consider offering a suitable longer-term contract incentive. | Consider an early-tenure retention offer or onboarding support. | Consider offering or highlighting an online security service. | Consider offering targeted technical support assistance. | Review pricing and perceived value; consider a targeted retention offer.
953,0.01921411,Customer is currently low risk; continue regular engagement. | No specific retention action identified by the current rules.
954,0.8296666,Customer is high risk; prioritize for retention intervention. | Consider offering a suitable longer-term contract incentive. | Consider an early-tenure retention offer or onboarding support. | Consider offering or highlighting an online security service. | Consider offering targeted technical support assistance.
955,0.009199368,Customer is currently low risk; continue regular engagement. | No specific retention action identified by the current rules.
956,0.32056692,Customer is currently low risk; continue regular engagement. | Consider offering a suitable longer-term contract incentive. | Consider offering or highlighting an online security service. | Review pricing and perceived value; consider a targeted retention offer.
957,0.690754,Customer is medium risk; consider targeted retention engagement. | Consider offering a suitable longer-term contract incentive. | Consider an early-tenure retention offer or onboarding support. | Consider offering or highlighting an online security service. | Consider offering targeted technical support assistance.
958,0.8583537,Customer is high risk; prioritize for retention intervention. | Consider offering a suitable longer-term contract incentive. | Consider an early-tenure retention offer or onboarding support. | Consider offering or highlighting an online security service. | Consider offering targeted technical support assistance.
959,0.23873031,Customer is currently low risk; continue regular engagement. | Consider offering a suitable longer-term contract incentive.
960,0.7392895,Customer is high risk; prioritize for retention intervention. | Consider offering a suitable longer-term contract incentive. | Consider an early-tenure retention offer or onboarding support. | Consider offering or highlighting an online security service. | Consider offering targeted technical support assistance.
961,0.034946777,Customer is currently low risk; continue regular engagement. | No specific retention action identified by the current rules.
962,0.40820226,Customer is medium risk; consider targeted retention engagement. | Consider offering a suitable longer-term contract incentive. | Consider offering targeted technical support assistance. | Review pricing and perceived value; consider a targeted retention offer.
963,0.07721235,Customer is currently low risk; continue regular engagement. | No specific retention action identified by the current rules.
964,0.010991929,Customer is currently low risk; continue regular engagement. | No specific retention action identified by the current rules.
965,0.036315564,Customer is currently low risk; continue regular engagement. | Consider offering targeted technical support assistance.
966,0.65101796,Customer is medium risk; consider targeted retention engagement. | Consider offering a suitable longer-term contract incentive. | Consider an early-tenure retention offer or onboarding support. | Consider offering or highlighting an online security service. | Consider offering targeted technical support assistance.
967,0.52361286,Customer is medium risk; consider targeted retention engagement. | Consider offering a suitable longer-term contract incentive. | Consider offering targeted technical support assistance. | Review pricing and perceived value; consider a targeted retention offer.
968,0.00871262,Customer is currently low risk; continue regular engagement. | No specific retention action identified by the current rules.
969,0.0072459267,Customer is currently low risk; continue regular engagement. | No specific retention action identified by the current rules.
970,0.014365791,Customer is currently low risk; continue regular engagement. | No specific retention action identified by the current rules.
971,0.249765,Customer is currently low risk; continue regular engagement. | Consider offering a suitable longer-term contract incentive. | Consider an early-tenure retention offer or onboarding support.
972,0.19518742,Customer is currently low risk; continue regular engagement. | Consider offering a suitable longer-term contract incentive. | Consider an early-tenure retention offer or onboarding support.
973,0.8582541,Customer is high risk; prioritize for retention intervention. | Consider offering a suitable longer-term contract incentive. | Consider an early-tenure retention offer or onboarding support. | Consider offering or highlighting an online security service. | Consider offering targeted technical support assistance.
974,0.03262939,Customer is currently low risk; continue regular engagement. | Consider offering targeted technical support assistance.
975,0.22624937,Customer is currently low risk; continue regular engagement. | Consider offering a suitable longer-term contract incentive. | Consider offering or highlighting an online security service. | Consider offering targeted technical support assistance.
976,0.5673256,Customer is medium risk; consider targeted retention engagement. | Consider offering a suitable longer-term contract incentive. | Consider an early-tenure retention offer or onboarding support. | Consider offering or highlighting an online security service. | Consider offering targeted technical support assistance.
977,0.2757207,Customer is currently low risk; continue regular engagement. | Review pricing and perceived value; consider a targeted retention offer.
978,0.4294681,Customer is medium risk; consider targeted retention engagement. | Consider offering a suitable longer-term contract incentive. | Consider offering or highlighting an online security service. | Consider offering targeted technical support assistance.
979,0.69640595,Customer is medium risk; consider targeted retention engagement. | Consider offering a suitable longer-term contract incentive. | Consider an early-tenure retention offer or onboarding support. | Consider offering or highlighting an online security service. | Consider offering targeted technical support assistance.
980,0.5790603,Customer is medium risk; consider targeted retention engagement. | Consider offering a suitable longer-term contract incentive. | Consider an early-tenure retention offer or onboarding support. | Consider offering or highlighting an online security service.
981,0.24657245,Customer is currently low risk; continue regular engagement. | Consider offering a suitable longer-term contract incentive. | Consider an early-tenure retention offer or onboarding support.
982,0.30358115,Customer is currently low risk; continue regular engagement. | Consider offering or highlighting an online security service. | Consider offering targeted technical support assistance. | Review pricing and perceived value; consider a targeted retention offer.
983,0.046875212,Customer is currently low risk; continue regular engagement. | No specific retention action identified by the current rules.
984,0.009902916,Customer is currently low risk; continue regular engagement. | No specific retention action identified by the current rules.
985,0.06848053,Customer is currently low risk; continue regular engagement. | Consider offering or highlighting an online security service. | Consider offering targeted technical support assistance.
986,0.018091982,Customer is currently low risk; continue regular engagement. | No specific retention action identified by the current rules.
987,0.85517204,Customer is high risk; prioritize for retention intervention. | Consider offering a suitable longer-term contract incentive. | Consider an early-tenure retention offer or onboarding support. | Consider offering or highlighting an online security service. | Consider offering targeted technical support assistance.
988,0.38647622,Customer is currently low risk; continue regular engagement. | Consider offering a suitable longer-term contract incentive. | Consider offering or highlighting an online security service.
989,0.3350882,Customer is currently low risk; continue regular engagement. | Consider offering a suitable longer-term contract incentive. | Review pricing and perceived value; consider a targeted retention offer.
990,0.10050274,Customer is currently low risk; continue regular engagement. | Review pricing and perceived value; consider a targeted retention offer.
991,0.024330636,Customer is currently low risk; continue regular engagement. | No specific retention action identified by the current rules.
992,0.174907,Customer is currently low risk; continue regular engagement. | Consider offering or highlighting an online security service. | Consider offering targeted technical support assistance.
993,0.66250014,Customer is medium risk; consider targeted retention engagement. | Consider offering a suitable longer-term contract incentive. | Consider offering or highlighting an online security service. | Consider offering targeted technical support assistance.
994,0.57916635,Customer is medium risk; consider targeted retention engagement. | Consider offering a suitable longer-term contract incentive. | Consider an early-tenure retention offer or onboarding support. | Consider offering or highlighting an online security service. | Consider offering targeted technical support assistance.
995,0.92215914,Customer is high risk; prioritize for retention intervention. | Consider offering a suitable longer-term contract incentive. | Consider an early-tenure retention offer or onboarding support. | Consider offering or highlighting an online security service. | Consider offering targeted technical support assistance. | Review pricing and perceived value; consider a targeted retention offer.
996,0.5214171,Customer is medium risk; consider targeted retention engagement. | Consider offering a suitable longer-term contract incentive. | Consider an early-tenure retention offer or onboarding support.
997,0.6585385,Customer is medium risk; consider targeted retention engagement. | Consider offering a suitable longer-term contract incentive. | Consider offering or highlighting an online security service. | Consider offering targeted technical support assistance.
998,0.015935393,Customer is currently low risk; continue regular engagement. | No specific retention action identified by the current rules.
999,0.50967604,Customer is medium risk; consider targeted retention engagement. | Consider offering a suitable longer-term contract incentive. | Consider an early-tenure retention offer or onboarding support. | Consider offering or highlighting an online security service. | Consider offering targeted technical support assistance.
1000,0.29328057,Customer is currently low risk; continue regular engagement. | Consider offering a suitable longer-term contract incentive. | Consider offering or highlighting an online security service. | Review pricing and perceived value; consider a targeted retention offer.
1001,0.5626974,Customer is medium risk; consider targeted retention engagement. | Consider offering a suitable longer-term contract incentive. | Consider offering or highlighting an online security service. | Consider offering targeted technical support assistance. | Review pricing and perceived value; consider a targeted retention offer.
1002,0.10675774,Customer is currently low risk; continue regular engagement. | Consider offering a suitable longer-term contract incentive. | Review pricing and perceived value; consider a targeted retention offer.
1003,0.03566205,Customer is currently low risk; continue regular engagement. | Review pricing and perceived value; consider a targeted retention offer.
1004,0.06334293,Customer is currently low risk; continue regular engagement. | Consider offering targeted technical support assistance. | Review pricing and perceived value; consider a targeted retention offer.
1005,0.2912453,Customer is currently low risk; continue regular engagement. | Consider offering a suitable longer-term contract incentive. | Consider offering targeted technical support assistance. | Review pricing and perceived value; consider a targeted retention offer.
1006,0.03793858,Customer is currently low risk; continue regular engagement. | Consider offering targeted technical support assistance. | Review pricing and perceived value; consider a targeted retention offer.
1007,0.78475434,Customer is high risk; prioritize for retention intervention. | Consider offering a suitable longer-term contract incentive. | Consider offering or highlighting an online security service. | Consider offering targeted technical support assistance. | Review pricing and perceived value; consider a targeted retention offer.
1008,0.0074177627,Customer is currently low risk; continue regular engagement. | Review pricing and perceived value; consider a targeted retention offer.
1009,0.042528164,Customer is currently low risk; continue regular engagement. | Consider an early-tenure retention offer or onboarding support.
1010,0.55551535,Customer is medium risk; consider targeted retention engagement. | Consider offering a suitable longer-term contract incentive. | Consider offering targeted technical support assistance. | Review pricing and perceived value; consider a targeted retention offer.
1011,0.039433334,Customer is currently low risk; continue regular engagement. | Consider offering or highlighting an online security service. | Consider offering targeted technical support assistance.
1012,0.28879976,Customer is currently low risk; continue regular engagement. | Consider offering a suitable longer-term contract incentive. | Consider an early-tenure retention offer or onboarding support. | Consider offering targeted technical support assistance.
1013,0.03319627,Customer is currently low risk; continue regular engagement. | No specific retention action identified by the current rules.
1014,0.16168667,Customer is currently low risk; continue regular engagement. | Consider offering a suitable longer-term contract incentive. | Consider an early-tenure retention offer or onboarding support.
1015,0.08960534,Customer is currently low risk; continue regular engagement. | Consider offering targeted technical support assistance. | Review pricing and perceived value; consider a targeted retention offer.
1016,0.062366385,Customer is currently low risk; continue regular engagement. | Consider an early-tenure retention offer or onboarding support.
1017,0.13288671,Customer is currently low risk; continue regular engagement. | Consider offering a suitable longer-term contract incentive.
1018,0.36542198,Customer is currently low risk; continue regular engagement. | Consider offering a suitable longer-term contract incentive. | Consider an early-tenure retention offer or onboarding support. | Consider offering or highlighting an online security service. | Consider offering targeted technical support assistance.
1019,0.6412637,Customer is medium risk; consider targeted retention engagement. | Consider offering a suitable longer-term contract incentive. | Consider an early-tenure retention offer or onboarding support.
1020,0.027282905,Customer is currently low risk; continue regular engagement. | Consider offering or highlighting an online security service.
1021,0.006549756,Customer is currently low risk; continue regular engagement. | No specific retention action identified by the current rules.
1022,0.5439161,Customer is medium risk; consider targeted retention engagement. | Consider offering a suitable longer-term contract incentive. | Consider offering or highlighting an online security service. | Consider offering targeted technical support assistance.
1023,0.16779184,Customer is currently low risk; continue regular engagement. | Consider offering or highlighting an online security service. | Consider offering targeted technical support assistance. | Review pricing and perceived value; consider a targeted retention offer.
1024,0.59168625,Customer is medium risk; consider targeted retention engagement. | Consider offering a suitable longer-term contract incentive. | Consider an early-tenure retention offer or onboarding support.
1025,0.025329951,Customer is currently low risk; continue regular engagement. | Consider offering or highlighting an online security service. | Consider offering targeted technical support assistance.
1026,0.029333249,Customer is currently low risk; continue regular engagement. | No specific retention action identified by the current rules.
1027,0.72568375,Customer is high risk; prioritize for retention intervention. | Consider offering a suitable longer-term contract incentive. | Consider an early-tenure retention offer or onboarding support. | Consider offering or highlighting an online security service. | Consider offering targeted technical support assistance.
1028,0.087985694,Customer is currently low risk; continue regular engagement. | Consider offering targeted technical support assistance. | Review pricing and perceived value; consider a targeted retention offer.
1029,0.18609358,Customer is currently low risk; continue regular engagement. | Consider offering or highlighting an online security service. | Consider offering targeted technical support assistance. | Review pricing and perceived value; consider a targeted retention offer.
1030,0.01468489,Customer is currently low risk; continue regular engagement. | Consider offering or highlighting an online security service.
1031,0.021459132,Customer is currently low risk; continue regular engagement. | No specific retention action identified by the current rules.
1032,0.11104754,Customer is currently low risk; continue regular engagement. | Consider offering a suitable longer-term contract incentive. | Review pricing and perceived value; consider a targeted retention offer.
1033,0.5192143,Customer is medium risk; consider targeted retention engagement. | Consider offering a suitable longer-term contract incentive. | Consider an early-tenure retention offer or onboarding support.
1034,0.8969411,Customer is high risk; prioritize for retention intervention. | Consider offering a suitable longer-term contract incentive. | Consider an early-tenure retention offer or onboarding support. | Consider offering or highlighting an online security service. | Consider offering targeted technical support assistance. | Review pricing and perceived value; consider a targeted retention offer.
1035,0.29891452,Customer is currently low risk; continue regular engagement. | Consider offering or highlighting an online security service. | Consider offering targeted technical support assistance. | Review pricing and perceived value; consider a targeted retention offer.
1036,0.12588899,Customer is currently low risk; continue regular engagement. | Consider offering targeted technical support assistance. | Review pricing and perceived value; consider a targeted retention offer.
1037,0.010709064,Customer is currently low risk; continue regular engagement. | Consider offering targeted technical support assistance. | Review pricing and perceived value; consider a targeted retention offer.
1038,0.32237193,Customer is currently low risk; continue regular engagement. | Consider offering or highlighting an online security service. | Consider offering targeted technical support assistance. | Review pricing and perceived value; consider a targeted retention offer.
1039,0.18897966,Customer is currently low risk; continue regular engagement. | Consider offering or highlighting an online security service.
1040,0.7880817,Customer is high risk; prioritize for retention intervention. | Consider offering a suitable longer-term contract incentive. | Consider offering or highlighting an online security service. | Consider offering targeted technical support assistance. | Review pricing and perceived value; consider a targeted retention offer.
1041,0.058793087,Customer is currently low risk; continue regular engagement. | Consider offering a suitable longer-term contract incentive.
1042,0.23229703,Customer is currently low risk; continue regular engagement. | Consider offering or highlighting an online security service. | Review pricing and perceived value; consider a targeted retention offer.
1043,0.008920068,Customer is currently low risk; continue regular engagement. | Review pricing and perceived value; consider a targeted retention offer.
1044,0.033394802,Customer is currently low risk; continue regular engagement. | No specific retention action identified by the current rules.
1045,0.16530773,Customer is currently low risk; continue regular engagement. | Consider offering targeted technical support assistance. | Review pricing and perceived value; consider a targeted retention offer.
1046,0.061930537,Customer is currently low risk; continue regular engagement. | Consider an early-tenure retention offer or onboarding support.
1047,0.064756304,Customer is currently low risk; continue regular engagement. | Consider offering or highlighting an online security service. | Review pricing and perceived value; consider a targeted retention offer.
1048,0.856314,Customer is high risk; prioritize for retention intervention. | Consider offering a suitable longer-term contract incentive. | Consider an early-tenure retention offer or onboarding support. | Consider offering or highlighting an online security service. | Consider offering targeted technical support assistance.
1049,0.3676917,Customer is currently low risk; continue regular engagement. | Consider offering a suitable longer-term contract incentive. | Consider an early-tenure retention offer or onboarding support. | Consider offering targeted technical support assistance.
1050,0.04467285,Customer is currently low risk; continue regular engagement. | Consider offering targeted technical support assistance.
1051,0.04035395,Customer is currently low risk; continue regular engagement. | Review pricing and perceived value; consider a targeted retention offer.
1052,0.09989983,Customer is currently low risk; continue regular engagement. | Consider offering or highlighting an online security service.
1053,0.50337225,Customer is medium risk; consider targeted retention engagement. | Consider offering a suitable longer-term contract incentive. | Consider offering targeted technical support assistance. | Review pricing and perceived value; consider a targeted retention offer.
1054,0.04374306,Customer is currently low risk; continue regular engagement. | No specific retention action identified by the current rules.
1055,0.007934765,Customer is currently low risk; continue regular engagement. | No specific retention action identified by the current rules.
1056,0.7886289,Customer is high risk; prioritize for retention intervention. | Consider offering a suitable longer-term contract incentive. | Consider offering or highlighting an online security service. | Consider offering targeted technical support assistance. | Review pricing and perceived value; consider a targeted retention offer.
1057,0.039149582,Customer is currently low risk; continue regular engagement. | No specific retention action identified by the current rules.
1058,0.6445649,Customer is medium risk; consider targeted retention engagement. | Consider offering a suitable longer-term contract incentive. | Consider an early-tenure retention offer or onboarding support. | Consider offering or highlighting an online security service. | Consider offering targeted technical support assistance.
1059,0.011734366,Customer is currently low risk; continue regular engagement. | No specific retention action identified by the current rules.
1060,0.009463539,Customer is currently low risk; continue regular engagement. | No specific retention action identified by the current rules.
1061,0.46937677,Customer is medium risk; consider targeted retention engagement. | Consider offering a suitable longer-term contract incentive. | Consider offering or highlighting an online security service. | Review pricing and perceived value; consider a targeted retention offer.
1062,0.017852016,Customer is currently low risk; continue regular engagement. | No specific retention action identified by the current rules.
1063,0.3381351,Customer is currently low risk; continue regular engagement. | Consider offering or highlighting an online security service. | Consider offering targeted technical support assistance.
1064,0.588801,Customer is medium risk; consider targeted retention engagement. | Consider offering a suitable longer-term contract incentive. | Consider an early-tenure retention offer or onboarding support. | Consider offering or highlighting an online security service. | Consider offering targeted technical support assistance.
1065,0.39667624,Customer is currently low risk; continue regular engagement. | Consider offering a suitable longer-term contract incentive. | Consider an early-tenure retention offer or onboarding support.
1066,0.83402514,Customer is high risk; prioritize for retention intervention. | Consider offering a suitable longer-term contract incentive. | Consider an early-tenure retention offer or onboarding support. | Consider offering or highlighting an online security service. | Consider offering targeted technical support assistance.
1067,0.6935442,Customer is medium risk; consider targeted retention engagement. | Consider offering a suitable longer-term contract incentive. | Consider an early-tenure retention offer or onboarding support.
1068,0.03253928,Customer is currently low risk; continue regular engagement. | Review pricing and perceived value; consider a targeted retention offer.
1069,0.015830087,Customer is currently low risk; continue regular engagement. | No specific retention action identified by the current rules.
1070,0.14946958,Customer is currently low risk; continue regular engagement. | Consider offering or highlighting an online security service. | Consider offering targeted technical support assistance.
1071,0.24959166,Customer is currently low risk; continue regular engagement. | Consider offering a suitable longer-term contract incentive. | Consider offering or highlighting an online security service. | Consider offering targeted technical support assistance.
1072,0.3139585,Customer is currently low risk; continue regular engagement. | Consider offering a suitable longer-term contract incentive. | Consider offering or highlighting an online security service. | Consider offering targeted technical support assistance.
1073,0.5129039,Customer is medium risk; consider targeted retention engagement. | Consider offering a suitable longer-term contract incentive. | Consider offering or highlighting an online security service. | Consider offering targeted technical support assistance. | Review pricing and perceived value; consider a targeted retention offer.
1074,0.5747237,Customer is medium risk; consider targeted retention engagement. | Consider offering a suitable longer-term contract incentive. | Consider an early-tenure retention offer or onboarding support. | Consider offering targeted technical support assistance. | Review pricing and perceived value; consider a targeted retention offer.
1075,0.18173592,Customer is currently low risk; continue regular engagement. | Consider offering or highlighting an online security service. | Consider offering targeted technical support assistance. | Review pricing and perceived value; consider a targeted retention offer.
1076,0.074142255,Customer is currently low risk; continue regular engagement. | No specific retention action identified by the current rules.
1077,0.086744234,Customer is currently low risk; continue regular engagement. | Consider offering or highlighting an online security service. | Consider offering targeted technical support assistance. | Review pricing and perceived value; consider a targeted retention offer.
1078,0.46633792,Customer is medium risk; consider targeted retention engagement. | Consider offering a suitable longer-term contract incentive. | Consider an early-tenure retention offer or onboarding support.
1079,0.065016456,Customer is currently low risk; continue regular engagement. | Consider offering targeted technical support assistance. | Review pricing and perceived value; consider a targeted retention offer.
1080,0.13903545,Customer is currently low risk; continue regular engagement. | Consider offering a suitable longer-term contract incentive. | Consider offering or highlighting an online security service. | Consider offering targeted technical support assistance.
1081,0.028325278,Customer is currently low risk; continue regular engagement. | Consider offering or highlighting an online security service.
1082,0.7868433,Customer is high risk; prioritize for retention intervention. | Consider offering a suitable longer-term contract incentive. | Consider an early-tenure retention offer or onboarding support. | Consider offering or highlighting an online security service. | Consider offering targeted technical support assistance.
1083,0.8793019,Customer is high risk; prioritize for retention intervention. | Consider offering a suitable longer-term contract incentive. | Consider an early-tenure retention offer or onboarding support. | Consider offering or highlighting an online security service. | Consider offering targeted technical support assistance.
1084,0.5299471,Customer is medium risk; consider targeted retention engagement. | Consider offering a suitable longer-term contract incentive. | Consider an early-tenure retention offer or onboarding support. | Consider offering or highlighting an online security service. | Consider offering targeted technical support assistance.
1085,0.45569253,Customer is medium risk; consider targeted retention engagement. | Consider offering a suitable longer-term contract incentive. | Consider offering or highlighting an online security service. | Review pricing and perceived value; consider a targeted retention offer.
1086,0.007942866,Customer is currently low risk; continue regular engagement. | Review pricing and perceived value; consider a targeted retention offer.
1087,0.024068858,Customer is currently low risk; continue regular engagement. | Review pricing and perceived value; consider a targeted retention offer.
1088,0.8029547,Customer is high risk; prioritize for retention intervention. | Consider offering a suitable longer-term contract incentive. | Consider an early-tenure retention offer or onboarding support. | Consider offering or highlighting an online security service. | Consider offering targeted technical support assistance.
1089,0.048681814,Customer is currently low risk; continue regular engagement. | No specific retention action identified by the current rules.
1090,0.93827164,Customer is high risk; prioritize for retention intervention. | Consider offering a suitable longer-term contract incentive. | Consider an early-tenure retention offer or onboarding support. | Consider offering or highlighting an online security service. | Consider offering targeted technical support assistance. | Review pricing and perceived value; consider a targeted retention offer.
1091,0.259279,Customer is currently low risk; continue regular engagement. | Consider offering a suitable longer-term contract incentive. | Consider an early-tenure retention offer or onboarding support.
1092,0.8798778,Customer is high risk; prioritize for retention intervention. | Consider offering a suitable longer-term contract incentive. | Consider offering or highlighting an online security service. | Consider offering targeted technical support assistance. | Review pricing and perceived value; consider a targeted retention offer.
1093,0.74860674,Customer is high risk; prioritize for retention intervention. | Consider offering a suitable longer-term contract incentive. | Consider offering or highlighting an online security service. | Consider offering targeted technical support assistance. | Review pricing and perceived value; consider a targeted retention offer.
1094,0.6314123,Customer is medium risk; consider targeted retention engagement. | Consider offering a suitable longer-term contract incentive. | Consider offering or highlighting an online security service. | Consider offering targeted technical support assistance. | Review pricing and perceived value; consider a targeted retention offer.
1095,0.120557405,Customer is currently low risk; continue regular engagement. | Review pricing and perceived value; consider a targeted retention offer.
1096,0.023866285,Customer is currently low risk; continue regular engagement. | Consider offering or highlighting an online security service. | Review pricing and perceived value; consider a targeted retention offer.
1097,0.5674947,Customer is medium risk; consider targeted retention engagement. | Consider offering a suitable longer-term contract incentive. | Consider an early-tenure retention offer or onboarding support.
1098,0.03781896,Customer is currently low risk; continue regular engagement. | Consider an early-tenure retention offer or onboarding support.
1099,0.0153734675,Customer is currently low risk; continue regular engagement. | No specific retention action identified by the current rules.
1100,0.078471266,Customer is currently low risk; continue regular engagement. | Review pricing and perceived value; consider a targeted retention offer.
1101,0.42702731,Customer is medium risk; consider targeted retention engagement. | Consider offering a suitable longer-term contract incentive. | Consider offering or highlighting an online security service. | Consider offering targeted technical support assistance. | Review pricing and perceived value; consider a targeted retention offer.
1102,0.69487184,Customer is medium risk; consider targeted retention engagement. | Consider offering a suitable longer-term contract incentive. | Consider an early-tenure retention offer or onboarding support. | Consider offering or highlighting an online security service. | Consider offering targeted technical support assistance.
1103,0.027401848,Customer is currently low risk; continue regular engagement. | Consider an early-tenure retention offer or onboarding support.
1104,0.54651594,Customer is medium risk; consider targeted retention engagement. | Consider offering a suitable longer-term contract incentive. | Consider an early-tenure retention offer or onboarding support. | Consider offering or highlighting an online security service.
1105,0.02838002,Customer is currently low risk; continue regular engagement. | No specific retention action identified by the current rules.
1106,0.6278786,Customer is medium risk; consider targeted retention engagement. | Consider offering a suitable longer-term contract incentive. | Consider offering or highlighting an online security service. | Consider offering targeted technical support assistance. | Review pricing and perceived value; consider a targeted retention offer.
1107,0.33386138,Customer is currently low risk; continue regular engagement. | Consider offering a suitable longer-term contract incentive. | Consider an early-tenure retention offer or onboarding support. | Consider offering or highlighting an online security service. | Consider offering targeted technical support assistance.
1108,0.113584794,Customer is currently low risk; continue regular engagement. | Review pricing and perceived value; consider a targeted retention offer.
1109,0.9518333,Customer is high risk; prioritize for retention intervention. | Consider offering a suitable longer-term contract incentive. | Consider an early-tenure retention offer or onboarding support. | Consider offering or highlighting an online security service. | Consider offering targeted technical support assistance. | Review pricing and perceived value; consider a targeted retention offer.
1110,0.028007308,Customer is currently low risk; continue regular engagement. | No specific retention action identified by the current rules.
1111,0.021890633,Customer is currently low risk; continue regular engagement. | Review pricing and perceived value; consider a targeted retention offer.
1112,0.6219961,Customer is medium risk; consider targeted retention engagement. | Consider offering a suitable longer-term contract incentive. | Consider an early-tenure retention offer or onboarding support. | Consider offering or highlighting an online security service. | Consider offering targeted technical support assistance.
1113,0.20524783,Customer is currently low risk; continue regular engagement. | Consider offering a suitable longer-term contract incentive. | Consider offering or highlighting an online security service.
1114,0.025100697,Customer is currently low risk; continue regular engagement. | No specific retention action identified by the current rules.
1115,0.10213446,Customer is currently low risk; continue regular engagement. | Consider offering a suitable longer-term contract incentive. | Review pricing and perceived value; consider a targeted retention offer.
1116,0.89661556,Customer is high risk; prioritize for retention intervention. | Consider offering a suitable longer-term contract incentive. | Consider an early-tenure retention offer or onboarding support. | Consider offering or highlighting an online security service. | Consider offering targeted technical support assistance.
1117,0.8023293,Customer is high risk; prioritize for retention intervention. | Consider offering a suitable longer-term contract incentive. | Consider an early-tenure retention offer or onboarding support. | Consider offering or highlighting an online security service. | Consider offering targeted technical support assistance.
1118,0.8744578,Customer is high risk; prioritize for retention intervention. | Consider offering a suitable longer-term contract incentive. | Consider an early-tenure retention offer or onboarding support. | Consider offering or highlighting an online security service. | Consider offering targeted technical support assistance. | Review pricing and perceived value; consider a targeted retention offer.
1119,0.4968596,Customer is medium risk; consider targeted retention engagement. | Consider offering a suitable longer-term contract incentive. | Consider offering or highlighting an online security service. | Consider offering targeted technical support assistance. | Review pricing and perceived value; consider a targeted retention offer.
1120,0.56974465,Customer is medium risk; consider targeted retention engagement. | Consider offering a suitable longer-term contract incentive. | Consider offering or highlighting an online security service. | Consider offering targeted technical support assistance. | Review pricing and perceived value; consider a targeted retention offer.
1121,0.013255675,Customer is currently low risk; continue regular engagement. | No specific retention action identified by the current rules.
1122,0.020840278,Customer is currently low risk; continue regular engagement. | No specific retention action identified by the current rules.
1123,0.86316913,Customer is high risk; prioritize for retention intervention. | Consider offering a suitable longer-term contract incentive. | Consider an early-tenure retention offer or onboarding support. | Consider offering or highlighting an online security service. | Consider offering targeted technical support assistance.
1124,0.011324565,Customer is currently low risk; continue regular engagement. | No specific retention action identified by the current rules.
1125,0.35945165,Customer is currently low risk; continue regular engagement. | Consider offering or highlighting an online security service. | Consider offering targeted technical support assistance. | Review pricing and perceived value; consider a targeted retention offer.
1126,0.457683,Customer is medium risk; consider targeted retention engagement. | Consider offering a suitable longer-term contract incentive. | Review pricing and perceived value; consider a targeted retention offer.
1127,0.8234582,Customer is high risk; prioritize for retention intervention. | Consider offering a suitable longer-term contract incentive. | Consider an early-tenure retention offer or onboarding support. | Consider offering or highlighting an online security service. | Consider offering targeted technical support assistance. | Review pricing and perceived value; consider a targeted retention offer.
1128,0.018195003,Customer is currently low risk; continue regular engagement. | Review pricing and perceived value; consider a targeted retention offer.
1129,0.025001409,Customer is currently low risk; continue regular engagement. | No specific retention action identified by the current rules.
1130,0.03611834,Customer is currently low risk; continue regular engagement. | No specific retention action identified by the current rules.
1131,0.051221687,Customer is currently low risk; continue regular engagement. | Consider offering or highlighting an online security service.
1132,0.2462429,Customer is currently low risk; continue regular engagement. | Consider offering a suitable longer-term contract incentive. | Consider offering targeted technical support assistance. | Review pricing and perceived value; consider a targeted retention offer.
1133,0.72366107,Customer is high risk; prioritize for retention intervention. | Consider offering a suitable longer-term contract incentive. | Consider an early-tenure retention offer or onboarding support. | Consider offering or highlighting an online security service. | Review pricing and perceived value; consider a targeted retention offer.
1134,0.021122154,Customer is currently low risk; continue regular engagement. | Consider an early-tenure retention offer or onboarding support.
1135,0.56894714,Customer is medium risk; consider targeted retention engagement. | Consider offering a suitable longer-term contract incentive. | Consider an early-tenure retention offer or onboarding support. | Consider offering or highlighting an online security service. | Consider offering targeted technical support assistance.
1136,0.010806861,Customer is currently low risk; continue regular engagement. | No specific retention action identified by the current rules.
1137,0.2684179,Customer is currently low risk; continue regular engagement. | Consider offering a suitable longer-term contract incentive. | Consider offering or highlighting an online security service. | Consider offering targeted technical support assistance. | Review pricing and perceived value; consider a targeted retention offer.
1138,0.9082458,Customer is high risk; prioritize for retention intervention. | Consider offering a suitable longer-term contract incentive. | Consider an early-tenure retention offer or onboarding support. | Consider offering or highlighting an online security service. | Consider offering targeted technical support assistance. | Review pricing and perceived value; consider a targeted retention offer.
1139,0.48402712,Customer is medium risk; consider targeted retention engagement. | Consider offering a suitable longer-term contract incentive. | Consider offering or highlighting an online security service. | Consider offering targeted technical support assistance.
1140,0.5094958,Customer is medium risk; consider targeted retention engagement. | Consider offering a suitable longer-term contract incentive. | Consider offering or highlighting an online security service. | Consider offering targeted technical support assistance.
1141,0.10199691,Customer is currently low risk; continue regular engagement. | Consider offering or highlighting an online security service. | Consider offering targeted technical support assistance.
1142,0.022036236,Customer is currently low risk; continue regular engagement. | No specific retention action identified by the current rules.
1143,0.010198512,Customer is currently low risk; continue regular engagement. | No specific retention action identified by the current rules.
1144,0.0497123,Customer is currently low risk; continue regular engagement. | No specific retention action identified by the current rules.
1145,0.02174308,Customer is currently low risk; continue regular engagement. | Consider offering or highlighting an online security service. | Review pricing and perceived value; consider a targeted retention offer.
1146,0.74162877,Customer is high risk; prioritize for retention intervention. | Consider offering a suitable longer-term contract incentive. | Consider an early-tenure retention offer or onboarding support. | Consider offering or highlighting an online security service. | Consider offering targeted technical support assistance.
1147,0.20721698,Customer is currently low risk; continue regular engagement. | Consider offering a suitable longer-term contract incentive. | Consider offering targeted technical support assistance. | Review pricing and perceived value; consider a targeted retention offer.
1148,0.69046825,Customer is medium risk; consider targeted retention engagement. | Consider offering a suitable longer-term contract incentive. | Consider offering or highlighting an online security service. | Consider offering targeted technical support assistance.
1149,0.5413751,Customer is medium risk; consider targeted retention engagement. | Consider offering a suitable longer-term contract incentive. | Consider an early-tenure retention offer or onboarding support. | Consider offering targeted technical support assistance.
1150,0.515071,Customer is medium risk; consider targeted retention engagement. | Consider offering a suitable longer-term contract incentive. | Consider offering or highlighting an online security service. | Consider offering targeted technical support assistance. | Review pricing and perceived value; consider a targeted retention offer.
1151,0.41265047,Customer is medium risk; consider targeted retention engagement. | Consider offering a suitable longer-term contract incentive. | Consider an early-tenure retention offer or onboarding support. | Consider offering or highlighting an online security service.
1152,0.61679643,Customer is medium risk; consider targeted retention engagement. | Consider offering a suitable longer-term contract incentive. | Consider offering or highlighting an online security service. | Review pricing and perceived value; consider a targeted retention offer.
1153,0.010103307,Customer is currently low risk; continue regular engagement. | Consider offering targeted technical support assistance.
1154,0.04409056,Customer is currently low risk; continue regular engagement. | No specific retention action identified by the current rules.
1155,0.5144557,Customer is medium risk; consider targeted retention engagement. | Consider offering a suitable longer-term contract incentive. | Consider offering or highlighting an online security service. | Consider offering targeted technical support assistance. | Review pricing and perceived value; consider a targeted retention offer.
1156,0.007778126,Customer is currently low risk; continue regular engagement. | Review pricing and perceived value; consider a targeted retention offer.
1157,0.3368191,Customer is currently low risk; continue regular engagement. | Consider offering a suitable longer-term contract incentive. | Consider offering or highlighting an online security service. | Consider offering targeted technical support assistance. | Review pricing and perceived value; consider a targeted retention offer.
1158,0.6535156,Customer is medium risk; consider targeted retention engagement. | Consider offering a suitable longer-term contract incentive. | Consider an early-tenure retention offer or onboarding support. | Consider offering or highlighting an online security service. | Consider offering targeted technical support assistance.
1159,0.6487504,Customer is medium risk; consider targeted retention engagement. | Consider offering a suitable longer-term contract incentive. | Consider an early-tenure retention offer or onboarding support. | Consider offering or highlighting an online security service. | Consider offering targeted technical support assistance.
1160,0.514906,Customer is medium risk; consider targeted retention engagement. | Consider offering a suitable longer-term contract incentive. | Consider an early-tenure retention offer or onboarding support. | Consider offering or highlighting an online security service. | Consider offering targeted technical support assistance.
1161,0.21092087,Customer is currently low risk; continue regular engagement. | Consider offering a suitable longer-term contract incentive. | Consider an early-tenure retention offer or onboarding support.
1162,0.048968762,Customer is currently low risk; continue regular engagement. | No specific retention action identified by the current rules.
1163,0.6737607,Customer is medium risk; consider targeted retention engagement. | Consider offering a suitable longer-term contract incentive. | Consider offering or highlighting an online security service. | Consider offering targeted technical support assistance. | Review pricing and perceived value; consider a targeted retention offer.
1164,0.9343737,Customer is high risk; prioritize for retention intervention. | Consider offering a suitable longer-term contract incentive. | Consider an early-tenure retention offer or onboarding support. | Consider offering or highlighting an online security service. | Consider offering targeted technical support assistance. | Review pricing and perceived value; consider a targeted retention offer.
1165,0.034859408,Customer is currently low risk; continue regular engagement. | Review pricing and perceived value; consider a targeted retention offer.
1166,0.025300408,Customer is currently low risk; continue regular engagement. | Consider offering targeted technical support assistance.
1167,0.0170758,Customer is currently low risk; continue regular engagement. | Consider offering or highlighting an online security service. | Review pricing and perceived value; consider a targeted retention offer.
1168,0.037311263,Customer is currently low risk; continue regular engagement. | No specific retention action identified by the current rules.
1169,0.26025394,Customer is currently low risk; continue regular engagement. | Consider offering targeted technical support assistance. | Review pricing and perceived value; consider a targeted retention offer.
1170,0.04370909,Customer is currently low risk; continue regular engagement. | No specific retention action identified by the current rules.
1171,0.7061038,Customer is high risk; prioritize for retention intervention. | Consider offering a suitable longer-term contract incentive. | Consider offering or highlighting an online security service. | Consider offering targeted technical support assistance. | Review pricing and perceived value; consider a targeted retention offer.
1172,0.85190886,Customer is high risk; prioritize for retention intervention. | Consider offering a suitable longer-term contract incentive. | Consider offering or highlighting an online security service. | Consider offering targeted technical support assistance. | Review pricing and perceived value; consider a targeted retention offer.
1173,0.48067182,Customer is medium risk; consider targeted retention engagement. | Consider offering a suitable longer-term contract incentive. | Consider offering targeted technical support assistance. | Review pricing and perceived value; consider a targeted retention offer.
1174,0.055965684,Customer is currently low risk; continue regular engagement. | Consider offering or highlighting an online security service.
1175,0.93850434,Customer is high risk; prioritize for retention intervention. | Consider offering a suitable longer-term contract incentive. | Consider an early-tenure retention offer or onboarding support. | Consider offering or highlighting an online security service. | Consider offering targeted technical support assistance. | Review pricing and perceived value; consider a targeted retention offer.
1176,0.12034887,Customer is currently low risk; continue regular engagement. | Consider offering a suitable longer-term contract incentive. | Consider an early-tenure retention offer or onboarding support.
1177,0.1734329,Customer is currently low risk; continue regular engagement. | Consider offering a suitable longer-term contract incentive.
1178,0.85827184,Customer is high risk; prioritize for retention intervention. | Consider offering a suitable longer-term contract incentive. | Consider an early-tenure retention offer or onboarding support. | Consider offering or highlighting an online security service. | Consider offering targeted technical support assistance.
1179,0.2929764,Customer is currently low risk; continue regular engagement. | Consider offering or highlighting an online security service. | Review pricing and perceived value; consider a targeted retention offer.
1180,0.02698115,Customer is currently low risk; continue regular engagement. | Review pricing and perceived value; consider a targeted retention offer.
1181,0.42095366,Customer is medium risk; consider targeted retention engagement. | Consider offering a suitable longer-term contract incentive. | Consider an early-tenure retention offer or onboarding support.
1182,0.619139,Customer is medium risk; consider targeted retention engagement. | Consider offering a suitable longer-term contract incentive. | Consider offering or highlighting an online security service. | Consider offering targeted technical support assistance. | Review pricing and perceived value; consider a targeted retention offer.
1183,0.045714118,Customer is currently low risk; continue regular engagement. | Review pricing and perceived value; consider a targeted retention offer.
1184,0.04580762,Customer is currently low risk; continue regular engagement. | Consider an early-tenure retention offer or onboarding support.
1185,0.014805711,Customer is currently low risk; continue regular engagement. | Consider offering targeted technical support assistance. | Review pricing and perceived value; consider a targeted retention offer.
1186,0.65720654,Customer is medium risk; consider targeted retention engagement. | Consider offering a suitable longer-term contract incentive. | Consider an early-tenure retention offer or onboarding support. | Consider offering or highlighting an online security service. | Consider offering targeted technical support assistance.
1187,0.4593438,Customer is medium risk; consider targeted retention engagement. | Consider an early-tenure retention offer or onboarding support. | Consider offering targeted technical support assistance. | Review pricing and perceived value; consider a targeted retention offer.
1188,0.89770395,Customer is high risk; prioritize for retention intervention. | Consider offering a suitable longer-term contract incentive. | Consider an early-tenure retention offer or onboarding support. | Consider offering or highlighting an online security service. | Consider offering targeted technical support assistance. | Review pricing and perceived value; consider a targeted retention offer.
1189,0.053285882,Customer is currently low risk; continue regular engagement. | Consider offering or highlighting an online security service.
1190,0.6370519,Customer is medium risk; consider targeted retention engagement. | Consider offering a suitable longer-term contract incentive. | Consider offering or highlighting an online security service. | Consider offering targeted technical support assistance. | Review pricing and perceived value; consider a targeted retention offer.
1191,0.6157769,Customer is medium risk; consider targeted retention engagement. | Consider offering a suitable longer-term contract incentive. | Consider offering or highlighting an online security service. | Consider offering targeted technical support assistance. | Review pricing and perceived value; consider a targeted retention offer.
1192,0.48060575,Customer is medium risk; consider targeted retention engagement. | Consider offering a suitable longer-term contract incentive. | Review pricing and perceived value; consider a targeted retention offer.
1193,0.18156546,Customer is currently low risk; continue regular engagement. | Consider offering a suitable longer-term contract incentive. | Consider offering or highlighting an online security service. | Consider offering targeted technical support assistance.
1194,0.015849704,Customer is currently low risk; continue regular engagement. | Consider offering targeted technical support assistance.
1195,0.09003371,Customer is currently low risk; continue regular engagement. | Consider offering a suitable longer-term contract incentive.
1196,0.06183886,Customer is currently low risk; continue regular engagement. | No specific retention action identified by the current rules.
1197,0.8870981,Customer is high risk; prioritize for retention intervention. | Consider offering a suitable longer-term contract incentive. | Consider an early-tenure retention offer or onboarding support. | Consider offering or highlighting an online security service. | Consider offering targeted technical support assistance. | Review pricing and perceived value; consider a targeted retention offer.
1198,0.11943763,Customer is currently low risk; continue regular engagement. | Consider offering a suitable longer-term contract incentive. | Consider offering targeted technical support assistance.
1199,0.006295326,Customer is currently low risk; continue regular engagement. | Review pricing and perceived value; consider a targeted retention offer.
1200,0.5255291,Customer is medium risk; consider targeted retention engagement. | Consider offering a suitable longer-term contract incentive. | Consider offering targeted technical support assistance. | Review pricing and perceived value; consider a targeted retention offer.
1201,0.35149598,Customer is currently low risk; continue regular engagement. | Consider offering targeted technical support assistance. | Review pricing and perceived value; consider a targeted retention offer.
1202,0.12999022,Customer is currently low risk; continue regular engagement. | Consider offering a suitable longer-term contract incentive. | Consider offering or highlighting an online security service. | Consider offering targeted technical support assistance.
1203,0.059158586,Customer is currently low risk; continue regular engagement. | Consider offering targeted technical support assistance.
1204,0.00998721,Customer is currently low risk; continue regular engagement. | No specific retention action identified by the current rules.
1205,0.26603484,Customer is currently low risk; continue regular engagement. | Consider offering or highlighting an online security service. | Consider offering targeted technical support assistance. | Review pricing and perceived value; consider a targeted retention offer.
1206,0.16546819,Customer is currently low risk; continue regular engagement. | Consider offering a suitable longer-term contract incentive.
1207,0.41881365,Customer is medium risk; consider targeted retention engagement. | Consider offering or highlighting an online security service. | Review pricing and perceived value; consider a targeted retention offer.
1208,0.7540872,Customer is high risk; prioritize for retention intervention. | Consider offering a suitable longer-term contract incentive. | Consider an early-tenure retention offer or onboarding support. | Consider offering or highlighting an online security service. | Consider offering targeted technical support assistance.
1209,0.11175241,Customer is currently low risk; continue regular engagement. | Review pricing and perceived value; consider a targeted retention offer.
1210,0.008165682,Customer is currently low risk; continue regular engagement. | No specific retention action identified by the current rules.
1211,0.7397579,Customer is high risk; prioritize for retention intervention. | Consider offering a suitable longer-term contract incentive. | Consider an early-tenure retention offer or onboarding support. | Consider offering or highlighting an online security service. | Consider offering targeted technical support assistance.
1212,0.21884157,Customer is currently low risk; continue regular engagement. | Consider offering a suitable longer-term contract incentive. | Consider offering targeted technical support assistance.
1213,0.750972,Customer is high risk; prioritize for retention intervention. | Consider offering a suitable longer-term contract incentive. | Consider an early-tenure retention offer or onboarding support. | Consider offering or highlighting an online security service. | Consider offering targeted technical support assistance.
1214,0.09901016,Customer is currently low risk; continue regular engagement. | Consider offering a suitable longer-term contract incentive. | Consider offering targeted technical support assistance.
1215,0.8630175,Customer is high risk; prioritize for retention intervention. | Consider offering a suitable longer-term contract incentive. | Consider offering or highlighting an online security service. | Consider offering targeted technical support assistance. | Review pricing and perceived value; consider a targeted retention offer.
1216,0.7130417,Customer is high risk; prioritize for retention intervention. | Consider offering a suitable longer-term contract incentive. | Consider offering or highlighting an online security service. | Consider offering targeted technical support assistance.
1217,0.48457816,Customer is medium risk; consider targeted retention engagement. | Consider offering a suitable longer-term contract incentive. | Consider offering or highlighting an online security service. | Review pricing and perceived value; consider a targeted retention offer.
1218,0.056660518,Customer is currently low risk; continue regular engagement. | Consider offering or highlighting an online security service. | Consider offering targeted technical support assistance.
1219,0.015319743,Customer is currently low risk; continue regular engagement. | No specific retention action identified by the current rules.
1220,0.5351858,Customer is medium risk; consider targeted retention engagement. | Consider offering a suitable longer-term contract incentive. | Consider offering or highlighting an online security service. | Consider offering targeted technical support assistance. | Review pricing and perceived value; consider a targeted retention offer.
1221,0.9500257,Customer is high risk; prioritize for retention intervention. | Consider offering a suitable longer-term contract incentive. | Consider an early-tenure retention offer or onboarding support. | Consider offering or highlighting an online security service. | Consider offering targeted technical support assistance. | Review pricing and perceived value; consider a targeted retention offer.
1222,0.86059874,Customer is high risk; prioritize for retention intervention. | Consider offering a suitable longer-term contract incentive. | Consider an early-tenure retention offer or onboarding support. | Consider offering or highlighting an online security service. | Consider offering targeted technical support assistance.
1223,0.65944743,Customer is medium risk; consider targeted retention engagement. | Consider offering a suitable longer-term contract incentive. | Consider offering or highlighting an online security service. | Review pricing and perceived value; consider a targeted retention offer.
1224,0.59013885,Customer is medium risk; consider targeted retention engagement. | Consider offering a suitable longer-term contract incentive. | Consider an early-tenure retention offer or onboarding support. | Consider offering or highlighting an online security service. | Consider offering targeted technical support assistance.
1225,0.3865468,Customer is currently low risk; continue regular engagement. | Consider offering a suitable longer-term contract incentive. | Review pricing and perceived value; consider a targeted retention offer.
1226,0.040892676,Customer is currently low risk; continue regular engagement. | Consider offering or highlighting an online security service. | Consider offering targeted technical support assistance.
1227,0.01853194,Customer is currently low risk; continue regular engagement. | Review pricing and perceived value; consider a targeted retention offer.
1228,0.016677406,Customer is currently low risk; continue regular engagement. | No specific retention action identified by the current rules.
1229,0.7133825,Customer is high risk; prioritize for retention intervention. | Consider offering a suitable longer-term contract incentive. | Consider offering targeted technical support assistance. | Review pricing and perceived value; consider a targeted retention offer.
1230,0.010057371,Customer is currently low risk; continue regular engagement. | No specific retention action identified by the current rules.
1231,0.32384056,Customer is currently low risk; continue regular engagement. | Consider offering a suitable longer-term contract incentive. | Consider an early-tenure retention offer or onboarding support. | Consider offering or highlighting an online security service. | Consider offering targeted technical support assistance.
1232,0.3920196,Customer is currently low risk; continue regular engagement. | Consider offering a suitable longer-term contract incentive. | Consider an early-tenure retention offer or onboarding support.
1233,0.8612662,Customer is high risk; prioritize for retention intervention. | Consider offering a suitable longer-term contract incentive. | Consider an early-tenure retention offer or onboarding support. | Consider offering or highlighting an online security service. | Consider offering targeted technical support assistance.
1234,0.15721892,Customer is currently low risk; continue regular engagement. | Consider offering targeted technical support assistance. | Review pricing and perceived value; consider a targeted retention offer.
1235,0.3240482,Customer is currently low risk; continue regular engagement. | Consider offering a suitable longer-term contract incentive. | Consider offering or highlighting an online security service. | Consider offering targeted technical support assistance.
1236,0.7480208,Customer is high risk; prioritize for retention intervention. | Consider offering a suitable longer-term contract incentive. | Consider offering or highlighting an online security service. | Consider offering targeted technical support assistance. | Review pricing and perceived value; consider a targeted retention offer.
1237,0.023402873,Customer is currently low risk; continue regular engagement. | Consider offering or highlighting an online security service.
1238,0.108803384,Customer is currently low risk; continue regular engagement. | Consider offering targeted technical support assistance. | Review pricing and perceived value; consider a targeted retention offer.
1239,0.016170084,Customer is currently low risk; continue regular engagement. | No specific retention action identified by the current rules.
1240,0.040415365,Customer is currently low risk; continue regular engagement. | Consider offering targeted technical support assistance. | Review pricing and perceived value; consider a targeted retention offer.
1241,0.19070812,Customer is currently low risk; continue regular engagement. | Review pricing and perceived value; consider a targeted retention offer.
1242,0.17441607,Customer is currently low risk; continue regular engagement. | Consider offering a suitable longer-term contract incentive. | Consider offering or highlighting an online security service.
1243,0.34631738,Customer is currently low risk; continue regular engagement. | Consider offering a suitable longer-term contract incentive. | Consider offering or highlighting an online security service. | Consider offering targeted technical support assistance. | Review pricing and perceived value; consider a targeted retention offer.
1244,0.027305787,Customer is currently low risk; continue regular engagement. | No specific retention action identified by the current rules.
1245,0.0363481,Customer is currently low risk; continue regular engagement. | Consider offering or highlighting an online security service. | Review pricing and perceived value; consider a targeted retention offer.
1246,0.47402424,Customer is medium risk; consider targeted retention engagement. | Consider offering a suitable longer-term contract incentive. | Consider an early-tenure retention offer or onboarding support. | Consider offering or highlighting an online security service. | Consider offering targeted technical support assistance.
1247,0.25015095,Customer is currently low risk; continue regular engagement. | Consider offering a suitable longer-term contract incentive. | Consider an early-tenure retention offer or onboarding support.
1248,0.047262684,Customer is currently low risk; continue regular engagement. | No specific retention action identified by the current rules.
1249,0.69162196,Customer is medium risk; consider targeted retention engagement. | Consider offering a suitable longer-term contract incentive. | Consider an early-tenure retention offer or onboarding support. | Consider offering or highlighting an online security service. | Consider offering targeted technical support assistance.
1250,0.7112439,Customer is high risk; prioritize for retention intervention. | Consider offering a suitable longer-term contract incentive. | Consider an early-tenure retention offer or onboarding support. | Consider offering or highlighting an online security service. | Consider offering targeted technical support assistance.
1251,0.2611026,Customer is currently low risk; continue regular engagement. | Consider offering a suitable longer-term contract incentive. | Consider an early-tenure retention offer or onboarding support. | Consider offering or highlighting an online security service.
1252,0.9115398,Customer is high risk; prioritize for retention intervention. | Consider offering a suitable longer-term contract incentive. | Consider an early-tenure retention offer or onboarding support. | Consider offering or highlighting an online security service. | Consider offering targeted technical support assistance.
1253,0.09917599,Customer is currently low risk; continue regular engagement. | Review pricing and perceived value; consider a targeted retention offer.
1254,0.36303434,Customer is currently low risk; continue regular engagement. | Consider offering a suitable longer-term contract incentive. | Consider offering or highlighting an online security service. | Consider offering targeted technical support assistance. | Review pricing and perceived value; consider a targeted retention offer.
1255,0.4955593,Customer is medium risk; consider targeted retention engagement. | Consider offering a suitable longer-term contract incentive. | Consider offering or highlighting an online security service. | Consider offering targeted technical support assistance.
1256,0.01901612,Customer is currently low risk; continue regular engagement. | No specific retention action identified by the current rules.
1257,0.7799942,Customer is high risk; prioritize for retention intervention. | Consider offering a suitable longer-term contract incentive. | Consider an early-tenure retention offer or onboarding support. | Consider offering or highlighting an online security service. | Consider offering targeted technical support assistance.
1258,0.11848602,Customer is currently low risk; continue regular engagement. | Consider offering a suitable longer-term contract incentive.
1259,0.93017715,Customer is high risk; prioritize for retention intervention. | Consider offering a suitable longer-term contract incentive. | Consider an early-tenure retention offer or onboarding support. | Consider offering or highlighting an online security service. | Consider offering targeted technical support assistance.
1260,0.022294955,Customer is currently low risk; continue regular engagement. | No specific retention action identified by the current rules.
1261,0.028609117,Customer is currently low risk; continue regular engagement. | No specific retention action identified by the current rules.
1262,0.037396643,Customer is currently low risk; continue regular engagement. | No specific retention action identified by the current rules.
1263,0.11692504,Customer is currently low risk; continue regular engagement. | Consider offering a suitable longer-term contract incentive. | Consider offering targeted technical support assistance.
1264,0.10651464,Customer is currently low risk; continue regular engagement. | Consider offering a suitable longer-term contract incentive. | Review pricing and perceived value; consider a targeted retention offer.
1265,0.021558696,Customer is currently low risk; continue regular engagement. | No specific retention action identified by the current rules.
1266,0.19900537,Customer is currently low risk; continue regular engagement. | Consider offering a suitable longer-term contract incentive. | Consider an early-tenure retention offer or onboarding support. | Consider offering or highlighting an online security service.
1267,0.6146119,Customer is medium risk; consider targeted retention engagement. | Consider offering a suitable longer-term contract incentive. | Consider an early-tenure retention offer or onboarding support. | Consider offering or highlighting an online security service. | Consider offering targeted technical support assistance. | Review pricing and perceived value; consider a targeted retention offer.
1268,0.030664364,Customer is currently low risk; continue regular engagement. | No specific retention action identified by the current rules.
1269,0.82596564,Customer is high risk; prioritize for retention intervention. | Consider offering a suitable longer-term contract incentive. | Consider offering or highlighting an online security service. | Consider offering targeted technical support assistance. | Review pricing and perceived value; consider a targeted retention offer.
1270,0.6691404,Customer is medium risk; consider targeted retention engagement. | Consider offering a suitable longer-term contract incentive. | Consider an early-tenure retention offer or onboarding support. | Consider offering or highlighting an online security service. | Consider offering targeted technical support assistance.
1271,0.38906312,Customer is currently low risk; continue regular engagement. | Consider offering a suitable longer-term contract incentive. | Review pricing and perceived value; consider a targeted retention offer.
1272,0.04188194,Customer is currently low risk; continue regular engagement. | Review pricing and perceived value; consider a targeted retention offer.
1273,0.005944613,Customer is currently low risk; continue regular engagement. | No specific retention action identified by the current rules.
1274,0.8110861,Customer is high risk; prioritize for retention intervention. | Consider offering a suitable longer-term contract incentive. | Consider an early-tenure retention offer or onboarding support. | Consider offering or highlighting an online security service. | Consider offering targeted technical support assistance.
1275,0.38921988,Customer is currently low risk; continue regular engagement. | Consider offering a suitable longer-term contract incentive. | Consider offering or highlighting an online security service. | Consider offering targeted technical support assistance.
1276,0.2677678,Customer is currently low risk; continue regular engagement. | Consider offering a suitable longer-term contract incentive. | Consider an early-tenure retention offer or onboarding support.
1277,0.3925241,Customer is currently low risk; continue regular engagement. | Consider offering a suitable longer-term contract incentive. | Consider offering or highlighting an online security service. | Consider offering targeted technical support assistance. | Review pricing and perceived value; consider a targeted retention offer.
1278,0.10316618,Customer is currently low risk; continue regular engagement. | Review pricing and perceived value; consider a targeted retention offer.
1279,0.26239797,Customer is currently low risk; continue regular engagement. | Consider offering a suitable longer-term contract incentive. | Consider offering or highlighting an online security service. | Consider offering targeted technical support assistance.
1280,0.3656275,Customer is currently low risk; continue regular engagement. | Consider offering a suitable longer-term contract incentive. | Consider an early-tenure retention offer or onboarding support. | Consider offering or highlighting an online security service.
1281,0.024522852,Customer is currently low risk; continue regular engagement. | Consider offering or highlighting an online security service.
1282,0.015903153,Customer is currently low risk; continue regular engagement. | No specific retention action identified by the current rules.
1283,0.24463604,Customer is currently low risk; continue regular engagement. | Consider offering a suitable longer-term contract incentive. | Consider offering or highlighting an online security service.
1284,0.4959912,Customer is medium risk; consider targeted retention engagement. | Consider offering a suitable longer-term contract incentive. | Consider offering or highlighting an online security service. | Consider offering targeted technical support assistance.
1285,0.8776909,Customer is high risk; prioritize for retention intervention. | Consider offering a suitable longer-term contract incentive. | Consider an early-tenure retention offer or onboarding support. | Consider offering or highlighting an online security service. | Consider offering targeted technical support assistance.
1286,0.7132748,Customer is high risk; prioritize for retention intervention. | Consider offering a suitable longer-term contract incentive. | Consider an early-tenure retention offer or onboarding support. | Consider offering or highlighting an online security service. | Consider offering targeted technical support assistance. | Review pricing and perceived value; consider a targeted retention offer.
1287,0.05409811,Customer is currently low risk; continue regular engagement. | Consider an early-tenure retention offer or onboarding support.
1288,0.83036244,Customer is high risk; prioritize for retention intervention. | Consider offering a suitable longer-term contract incentive. | Consider an early-tenure retention offer or onboarding support. | Consider offering or highlighting an online security service. | Consider offering targeted technical support assistance.
1289,0.9247525,Customer is high risk; prioritize for retention intervention. | Consider offering a suitable longer-term contract incentive. | Consider an early-tenure retention offer or onboarding support. | Consider offering or highlighting an online security service. | Consider offering targeted technical support assistance.
1290,0.01465833,Customer is currently low risk; continue regular engagement. | No specific retention action identified by the current rules.
1291,0.42567647,Customer is medium risk; consider targeted retention engagement. | Consider offering a suitable longer-term contract incentive. | Consider offering or highlighting an online security service. | Review pricing and perceived value; consider a targeted retention offer.
1292,0.71014774,Customer is high risk; prioritize for retention intervention. | Consider offering a suitable longer-term contract incentive. | Consider an early-tenure retention offer or onboarding support. | Consider offering or highlighting an online security service. | Consider offering targeted technical support assistance.
1293,0.12710305,Customer is currently low risk; continue regular engagement. | Review pricing and perceived value; consider a targeted retention offer.
1294,0.43639895,Customer is medium risk; consider targeted retention engagement. | Consider offering a suitable longer-term contract incentive. | Consider an early-tenure retention offer or onboarding support. | Consider offering or highlighting an online security service.
1295,0.32669377,Customer is currently low risk; continue regular engagement. | Consider offering or highlighting an online security service. | Review pricing and perceived value; consider a targeted retention offer.
1296,0.045391552,Customer is currently low risk; continue regular engagement. | No specific retention action identified by the current rules.
1297,0.011696201,Customer is currently low risk; continue regular engagement. | No specific retention action identified by the current rules.
1298,0.851208,Customer is high risk; prioritize for retention intervention. | Consider offering a suitable longer-term contract incentive. | Consider an early-tenure retention offer or onboarding support. | Consider offering or highlighting an online security service. | Consider offering targeted technical support assistance.
1299,0.58252895,Customer is medium risk; consider targeted retention engagement. | Consider offering a suitable longer-term contract incentive. | Consider an early-tenure retention offer or onboarding support. | Consider offering targeted technical support assistance.
1300,0.81479496,Customer is high risk; prioritize for retention intervention. | Consider offering a suitable longer-term contract incentive. | Consider an early-tenure retention offer or onboarding support. | Consider offering or highlighting an online security service. | Consider offering targeted technical support assistance.
1301,0.016564133,Customer is currently low risk; continue regular engagement. | No specific retention action identified by the current rules.
1302,0.0526441,Customer is currently low risk; continue regular engagement. | Review pricing and perceived value; consider a targeted retention offer.
1303,0.035558924,Customer is currently low risk; continue regular engagement. | No specific retention action identified by the current rules.
1304,0.21152142,Customer is currently low risk; continue regular engagement. | Consider offering a suitable longer-term contract incentive. | Consider offering or highlighting an online security service. | Consider offering targeted technical support assistance. | Review pricing and perceived value; consider a targeted retention offer.
1305,0.1436062,Customer is currently low risk; continue regular engagement. | Consider offering a suitable longer-term contract incentive. | Consider an early-tenure retention offer or onboarding support.
1306,0.04040494,Customer is currently low risk; continue regular engagement. | No specific retention action identified by the current rules.
1307,0.48608017,Customer is medium risk; consider targeted retention engagement. | Consider offering a suitable longer-term contract incentive. | Consider offering or highlighting an online security service. | Consider offering targeted technical support assistance. | Review pricing and perceived value; consider a targeted retention offer.
1308,0.05007115,Customer is currently low risk; continue regular engagement. | Consider offering or highlighting an online security service.
1309,0.36337778,Customer is currently low risk; continue regular engagement. | Consider offering a suitable longer-term contract incentive. | Consider offering or highlighting an online security service. | Consider offering targeted technical support assistance. | Review pricing and perceived value; consider a targeted retention offer.
1310,0.014175377,Customer is currently low risk; continue regular engagement. | No specific retention action identified by the current rules.
1311,0.2080713,Customer is currently low risk; continue regular engagement. | Review pricing and perceived value; consider a targeted retention offer.
1312,0.13938709,Customer is currently low risk; continue regular engagement. | Consider offering targeted technical support assistance. | Review pricing and perceived value; consider a targeted retention offer.
1313,0.2365406,Customer is currently low risk; continue regular engagement. | Consider offering a suitable longer-term contract incentive. | Consider offering or highlighting an online security service. | Consider offering targeted technical support assistance.
1314,0.49847996,Customer is medium risk; consider targeted retention engagement. | Consider offering a suitable longer-term contract incentive. | Consider offering or highlighting an online security service. | Consider offering targeted technical support assistance. | Review pricing and perceived value; consider a targeted retention offer.
1315,0.26302674,Customer is currently low risk; continue regular engagement. | Consider offering a suitable longer-term contract incentive. | Consider an early-tenure retention offer or onboarding support.
1316,0.09386697,Customer is currently low risk; continue regular engagement. | Consider offering or highlighting an online security service. | Consider offering targeted technical support assistance. | Review pricing and perceived value; consider a targeted retention offer.
1317,0.11155079,Customer is currently low risk; continue regular engagement. | Consider offering a suitable longer-term contract incentive. | Review pricing and perceived value; consider a targeted retention offer.
1318,0.38505593,Customer is currently low risk; continue regular engagement. | Consider offering or highlighting an online security service. | Review pricing and perceived value; consider a targeted retention offer.
1319,0.017266145,Customer is currently low risk; continue regular engagement. | No specific retention action identified by the current rules.
1320,0.771573,Customer is high risk; prioritize for retention intervention. | Consider offering a suitable longer-term contract incentive. | Consider offering or highlighting an online security service. | Consider offering targeted technical support assistance. | Review pricing and perceived value; consider a targeted retention offer.
1321,0.012895291,Customer is currently low risk; continue regular engagement. | No specific retention action identified by the current rules.
1322,0.46284223,Customer is medium risk; consider targeted retention engagement. | Consider offering a suitable longer-term contract incentive. | Consider offering or highlighting an online security service. | Consider offering targeted technical support assistance. | Review pricing and perceived value; consider a targeted retention offer.
1323,0.12674725,Customer is currently low risk; continue regular engagement. | Consider offering a suitable longer-term contract incentive.
1324,0.070075616,Customer is currently low risk; continue regular engagement. | Consider an early-tenure retention offer or onboarding support.
1325,0.26759946,Customer is currently low risk; continue regular engagement. | Consider offering a suitable longer-term contract incentive. | Consider an early-tenure retention offer or onboarding support.
1326,0.25908643,Customer is currently low risk; continue regular engagement. | Consider offering a suitable longer-term contract incentive. | Consider an early-tenure retention offer or onboarding support.
1327,0.72126406,Customer is high risk; prioritize for retention intervention. | Consider offering a suitable longer-term contract incentive. | Consider offering targeted technical support assistance. | Review pricing and perceived value; consider a targeted retention offer.
1328,0.007732574,Customer is currently low risk; continue regular engagement. | Review pricing and perceived value; consider a targeted retention offer.
1329,0.120878264,Customer is currently low risk; continue regular engagement. | Consider offering or highlighting an online security service.
1330,0.11540739,Customer is currently low risk; continue regular engagement. | Review pricing and perceived value; consider a targeted retention offer.
1331,0.41814572,Customer is medium risk; consider targeted retention engagement. | Consider offering a suitable longer-term contract incentive. | Consider offering or highlighting an online security service. | Review pricing and perceived value; consider a targeted retention offer.
1332,0.29735807,Customer is currently low risk; continue regular engagement. | Review pricing and perceived value; consider a targeted retention offer.
1333,0.6831933,Customer is medium risk; consider targeted retention engagement. | Consider offering a suitable longer-term contract incentive. | Consider an early-tenure retention offer or onboarding support. | Consider offering targeted technical support assistance.
1334,0.748298,Customer is high risk; prioritize for retention intervention. | Consider offering a suitable longer-term contract incentive. | Consider offering or highlighting an online security service. | Consider offering targeted technical support assistance. | Review pricing and perceived value; consider a targeted retention offer.
1335,0.036917873,Customer is currently low risk; continue regular engagement. | No specific retention action identified by the current rules.
1336,0.07500438,Customer is currently low risk; continue regular engagement. | Consider an early-tenure retention offer or onboarding support. | Consider offering or highlighting an online security service.
1337,0.20049109,Customer is currently low risk; continue regular engagement. | Consider offering a suitable longer-term contract incentive. | Consider offering or highlighting an online security service. | Consider offering targeted technical support assistance.
1338,0.7731735,Customer is high risk; prioritize for retention intervention. | Consider offering a suitable longer-term contract incentive. | Consider an early-tenure retention offer or onboarding support. | Consider offering or highlighting an online security service. | Consider offering targeted technical support assistance.
1339,0.7722748,Customer is high risk; prioritize for retention intervention. | Consider offering a suitable longer-term contract incentive. | Consider offering or highlighting an online security service. | Consider offering targeted technical support assistance. | Review pricing and perceived value; consider a targeted retention offer.
1340,0.023619866,Customer is currently low risk; continue regular engagement. | No specific retention action identified by the current rules.
1341,0.013953073,Customer is currently low risk; continue regular engagement. | Review pricing and perceived value; consider a targeted retention offer.
1342,0.023689676,Customer is currently low risk; continue regular engagement. | No specific retention action identified by the current rules.
1343,0.104216225,Customer is currently low risk; continue regular engagement. | No specific retention action identified by the current rules.
1344,0.0062286435,Customer is currently low risk; continue regular engagement. | No specific retention action identified by the current rules.
1345,0.013152904,Customer is currently low risk; continue regular engagement. | No specific retention action identified by the current rules.
1346,0.72643477,Customer is high risk; prioritize for retention intervention. | Consider offering a suitable longer-term contract incentive. | Consider an early-tenure retention offer or onboarding support. | Consider offering or highlighting an online security service. | Consider offering targeted technical support assistance.
1347,0.3370078,Customer is currently low risk; continue regular engagement. | Consider offering a suitable longer-term contract incentive. | Consider an early-tenure retention offer or onboarding support. | Consider offering targeted technical support assistance.
1348,0.0050103175,Customer is currently low risk; continue regular engagement. | No specific retention action identified by the current rules.
1349,0.5494108,Customer is medium risk; consider targeted retention engagement. | Consider offering a suitable longer-term contract incentive. | Consider offering or highlighting an online security service. | Consider offering targeted technical support assistance. | Review pricing and perceived value; consider a targeted retention offer.
1350,0.05378893,Customer is currently low risk; continue regular engagement. | Consider offering or highlighting an online security service.
1351,0.10854007,Customer is currently low risk; continue regular engagement. | Consider offering targeted technical support assistance. | Review pricing and perceived value; consider a targeted retention offer.
1352,0.627735,Customer is medium risk; consider targeted retention engagement. | Consider offering a suitable longer-term contract incentive. | Consider offering or highlighting an online security service. | Consider offering targeted technical support assistance. | Review pricing and perceived value; consider a targeted retention offer.
1353,0.041838646,Customer is currently low risk; continue regular engagement. | No specific retention action identified by the current rules.
1354,0.38407922,Customer is currently low risk; continue regular engagement. | Consider offering a suitable longer-term contract incentive. | Consider offering targeted technical support assistance. | Review pricing and perceived value; consider a targeted retention offer.
1355,0.89581174,Customer is high risk; prioritize for retention intervention. | Consider offering a suitable longer-term contract incentive. | Consider an early-tenure retention offer or onboarding support. | Consider offering or highlighting an online security service. | Consider offering targeted technical support assistance. | Review pricing and perceived value; consider a targeted retention offer.
1356,0.09621757,Customer is currently low risk; continue regular engagement. | Consider offering a suitable longer-term contract incentive.
1357,0.31207976,Customer is currently low risk; continue regular engagement. | Consider offering a suitable longer-term contract incentive. | Consider an early-tenure retention offer or onboarding support.
1358,0.021886937,Customer is currently low risk; continue regular engagement. | No specific retention action identified by the current rules.
1359,0.34431425,Customer is currently low risk; continue regular engagement. | Consider offering targeted technical support assistance. | Review pricing and perceived value; consider a targeted retention offer.
1360,0.14209308,Customer is currently low risk; continue regular engagement. | Consider an early-tenure retention offer or onboarding support. | Consider offering or highlighting an online security service.
1361,0.19654387,Customer is currently low risk; continue regular engagement. | Consider offering a suitable longer-term contract incentive.
1362,0.14554086,Customer is currently low risk; continue regular engagement. | Consider offering a suitable longer-term contract incentive. | Consider offering targeted technical support assistance.
1363,0.29761034,Customer is currently low risk; continue regular engagement. | Consider offering a suitable longer-term contract incentive. | Consider an early-tenure retention offer or onboarding support.
1364,0.38445204,Customer is currently low risk; continue regular engagement. | Consider offering a suitable longer-term contract incentive. | Consider offering or highlighting an online security service.
1365,0.39619067,Customer is currently low risk; continue regular engagement. | Consider offering a suitable longer-term contract incentive. | Consider offering or highlighting an online security service. | Consider offering targeted technical support assistance.
1366,0.90954864,Customer is high risk; prioritize for retention intervention. | Consider offering a suitable longer-term contract incentive. | Consider an early-tenure retention offer or onboarding support. | Consider offering or highlighting an online security service. | Consider offering targeted technical support assistance.
1367,0.009259326,Customer is currently low risk; continue regular engagement. | No specific retention action identified by the current rules.
1368,0.48712307,Customer is medium risk; consider targeted retention engagement. | Consider offering a suitable longer-term contract incentive. | Consider offering targeted technical support assistance. | Review pricing and perceived value; consider a targeted retention offer.
1369,0.677385,Customer is medium risk; consider targeted retention engagement. | Consider offering a suitable longer-term contract incentive. | Consider an early-tenure retention offer or onboarding support.
1370,0.022393778,Customer is currently low risk; continue regular engagement. | No specific retention action identified by the current rules.
1371,0.21532989,Customer is currently low risk; continue regular engagement. | Consider offering a suitable longer-term contract incentive. | Consider offering or highlighting an online security service. | Consider offering targeted technical support assistance.
1372,0.08933812,Customer is currently low risk; continue regular engagement. | Review pricing and perceived value; consider a targeted retention offer.
1373,0.66356,Customer is medium risk; consider targeted retention engagement. | Consider offering a suitable longer-term contract incentive. | Consider offering or highlighting an online security service. | Consider offering targeted technical support assistance. | Review pricing and perceived value; consider a targeted retention offer.
1374,0.43232083,Customer is medium risk; consider targeted retention engagement. | Consider offering a suitable longer-term contract incentive. | Consider an early-tenure retention offer or onboarding support. | Consider offering or highlighting an online security service. | Consider offering targeted technical support assistance.
1375,0.017538965,Customer is currently low risk; continue regular engagement. | Review pricing and perceived value; consider a targeted retention offer.
1376,0.060111783,Customer is currently low risk; continue regular engagement. | Consider offering a suitable longer-term contract incentive.
1377,0.63470393,Customer is medium risk; consider targeted retention engagement. | Consider offering a suitable longer-term contract incentive. | Consider offering targeted technical support assistance.
1378,0.4732879,Customer is medium risk; consider targeted retention engagement. | Consider offering a suitable longer-term contract incentive. | Consider an early-tenure retention offer or onboarding support. | Consider offering or highlighting an online security service. | Consider offering targeted technical support assistance.
1379,0.7389495,Customer is high risk; prioritize for retention intervention. | Consider offering a suitable longer-term contract incentive. | Consider an early-tenure retention offer or onboarding support. | Consider offering or highlighting an online security service. | Consider offering targeted technical support assistance. | Review pricing and perceived value; consider a targeted retention offer.
1380,0.03826141,Customer is currently low risk; continue regular engagement. | Consider offering or highlighting an online security service.
1381,0.23817526,Customer is currently low risk; continue regular engagement. | Consider an early-tenure retention offer or onboarding support. | Consider offering or highlighting an online security service. | Consider offering targeted technical support assistance.
1382,0.32004598,Customer is currently low risk; continue regular engagement. | Consider an early-tenure retention offer or onboarding support. | Consider offering or highlighting an online security service. | Consider offering targeted technical support assistance.
1383,0.027240733,Customer is currently low risk; continue regular engagement. | No specific retention action identified by the current rules.
1384,0.21249744,Customer is currently low risk; continue regular engagement. | Consider offering a suitable longer-term contract incentive. | Consider an early-tenure retention offer or onboarding support. | Consider offering targeted technical support assistance.
1385,0.15542473,Customer is currently low risk; continue regular engagement. | Consider offering targeted technical support assistance. | Review pricing and perceived value; consider a targeted retention offer.
1386,0.5341865,Customer is medium risk; consider targeted retention engagement. | Consider offering a suitable longer-term contract incentive. | Consider offering or highlighting an online security service. | Consider offering targeted technical support assistance. | Review pricing and perceived value; consider a targeted retention offer.
1387,0.095116794,Customer is currently low risk; continue regular engagement. | Consider offering or highlighting an online security service. | Consider offering targeted technical support assistance.
1388,0.63770807,Customer is medium risk; consider targeted retention engagement. | Consider offering a suitable longer-term contract incentive. | Consider an early-tenure retention offer or onboarding support. | Consider offering or highlighting an online security service. | Consider offering targeted technical support assistance.
1389,0.033072732,Customer is currently low risk; continue regular engagement. | No specific retention action identified by the current rules.
1390,0.5534633,Customer is medium risk; consider targeted retention engagement. | Consider offering a suitable longer-term contract incentive. | Consider offering or highlighting an online security service. | Consider offering targeted technical support assistance. | Review pricing and perceived value; consider a targeted retention offer.
1391,0.5260457,Customer is medium risk; consider targeted retention engagement. | Consider offering or highlighting an online security service. | Consider offering targeted technical support assistance. | Review pricing and perceived value; consider a targeted retention offer.
1392,0.032114457,Customer is currently low risk; continue regular engagement. | Review pricing and perceived value; consider a targeted retention offer.
1393,0.89932096,Customer is high risk; prioritize for retention intervention. | Consider offering a suitable longer-term contract incentive. | Consider an early-tenure retention offer or onboarding support. | Consider offering or highlighting an online security service. | Consider offering targeted technical support assistance.
1394,0.017882414,Customer is currently low risk; continue regular engagement. | Review pricing and perceived value; consider a targeted retention offer.
1395,0.5791411,Customer is medium risk; consider targeted retention engagement. | Consider offering a suitable longer-term contract incentive. | Consider offering or highlighting an online security service. | Consider offering targeted technical support assistance.
1396,0.76142466,Customer is high risk; prioritize for retention intervention. | Consider offering a suitable longer-term contract incentive. | Consider an early-tenure retention offer or onboarding support. | Consider offering or highlighting an online security service. | Consider offering targeted technical support assistance.
1397,0.3110262,Customer is currently low risk; continue regular engagement. | Consider offering a suitable longer-term contract incentive. | Consider an early-tenure retention offer or onboarding support.
1398,0.02470248,Customer is currently low risk; continue regular engagement. | Consider an early-tenure retention offer or onboarding support.
1399,0.7848228,Customer is high risk; prioritize for retention intervention. | Consider offering a suitable longer-term contract incentive. | Consider an early-tenure retention offer or onboarding support. | Consider offering or highlighting an online security service. | Consider offering targeted technical support assistance. | Review pricing and perceived value; consider a targeted retention offer.
1400,0.05548048,Customer is currently low risk; continue regular engagement. | Consider offering or highlighting an online security service. | Consider offering targeted technical support assistance.
1401,0.015422649,Customer is currently low risk; continue regular engagement. | Review pricing and perceived value; consider a targeted retention offer.
1402,0.021115664,Customer is currently low risk; continue regular engagement. | Consider offering targeted technical support assistance.
1403,0.030609317,Customer is currently low risk; continue regular engagement. | No specific retention action identified by the current rules.
1404,0.0524991,Customer is currently low risk; continue regular engagement. | Review pricing and perceived value; consider a targeted retention offer.
1405,0.009611812,Customer is currently low risk; continue regular engagement. | No specific retention action identified by the current rules.
1406,0.23193243,Customer is currently low risk; continue regular engagement. | Consider offering a suitable longer-term contract incentive. | Consider an early-tenure retention offer or onboarding support.
1407,0.03554711,Customer is currently low risk; continue regular engagement. | No specific retention action identified by the current rules.
1408,0.005528486,Customer is currently low risk; continue regular engagement. | No specific retention action identified by the current rules.
